resolved_bmu_id,is_numeric_id,identity_source,elexonBmUnit,nationalGridBmUnit,bmUnitName,fuelType,leadPartyName,leadPartyId,bmUnitType,productionOrConsumptionFlag,generationCapacity,demandCapacity,transmissionLossFactor,gspGroupId,gspGroupName,interconnectorId,eic,reg_fuel_type,bmrs_fuel_type,crm_unit_cat,reg_type,fuel_type_resolved,fuel_type_inferred,id,disbsad_partyId
2__AFLEX003,False,named_ispstack_id,2__AFLEX003,AG-AFLX03,2__AFLEX003,,Flexitricity Limited,FLEXTRCY,S,C,49.000,0.000,0.0048990,_A,Eastern,,,,,,,LOAD RESPONSE,LOAD RESPONSE,,
2__AFLEX004,False,named_ispstack_id,2__AFLEX004,AG-AFLX04,2__AFLEX004,,Flexitricity Limited,FLEXTRCY,S,C,49.000,0.000,0.0048990,_A,Eastern,,,,,,,LOAD RESPONSE,LOAD RESPONSE,,
2__AFLEX005,False,named_ispstack_id,2__AFLEX005,AG-AFLX05,2__AFLEX005,,Flexitricity Limited,FLEXTRCY,S,C,49.000,0.000,0.0048990,_A,Eastern,,,,,,,LOAD RESPONSE,LOAD RESPONSE,,
2__ASTAT002,False,named_ispstack_id,2__ASTAT002,AG-ASTK02,STAT_A3,,Statkraft Markets Gmbh,STATKRA1,S,C,20.598,0.000,0.0048990,_A,Eastern,,,DIESEL,OTHER,Primary BMU,BMU,DIESEL,,,
2__ASTAT003,False,named_ispstack_id,2__ASTAT003,AG-ASTK03,STAT_A4,OTHER,Statkraft Markets Gmbh,STATKRA1,S,C,42.000,-4.000,0.0048990,_A,Eastern,,,,,,,OTHER,,,
2__ASTAT005,False,named_ispstack_id,2__ASTAT005,AG-ASTK05,STAT_A6,,Statkraft Markets Gmbh,STATKRA1,S,C,51.313,-52.000,0.0048990,_A,Eastern,,,,,,,BATTERY,BATTERY,,
2__ASTAT006,False,named_ispstack_id,2__ASTAT006,AG-ASTK06,STAT_A7,,Statkraft Markets Gmbh,STATKRA1,S,C,20.000,-2.000,0.0048990,_A,Eastern,,,DIESEL,OTHER,Primary BMU,BMU,DIESEL,,,
2__ASTAT007,False,named_ispstack_id,2__ASTAT007,AG-ASTK07,STAT_A8,,Statkraft Markets Gmbh,STATKRA1,S,C,20.000,-2.000,0.0048990,_A,Eastern,,,DIESEL,OTHER,Primary BMU,BMU,DIESEL,,,
2__ASTAT008,False,named_ispstack_id,2__ASTAT008,AG-ASTK08,STAT_A9,,Statkraft Markets Gmbh,STATKRA1,S,C,28.749,-16.000,0.0048990,_A,Eastern,,,,,,,BATTERY,BATTERY,,
2__ASTAT009,False,named_ispstack_id,2__ASTAT009,AG-ASTK09,STAT_A10,,Statkraft Markets Gmbh,STATKRA1,S,C,13.035,-12.513,0.0048990,_A,Eastern,,,BATTERY,OTHER,Primary BMU,BMU,BATTERY,,,
2__BFLEX001,False,named_ispstack_id,2__BFLEX001,AG-BFLX01,2__BFLEX001,,Flexitricity Limited,FLEXTRCY,S,C,49.000,-7.074,0.0090174,_B,East Midlands,,,,,,,LOAD RESPONSE,LOAD RESPONSE,,
2__BFLEX003,False,named_ispstack_id,2__BFLEX003,AG-BFLX03,2__BFLEX003,,Flexitricity Limited,FLEXTRCY,S,C,49.000,0.000,0.0090174,_B,East Midlands,,,,,,,LOAD RESPONSE,LOAD RESPONSE,,
2__BFLEX004,False,named_ispstack_id,2__BFLEX004,AG-BFLX04,2__BFLEX004,,Flexitricity Limited,FLEXTRCY,S,C,49.000,-25.302,0.0090174,_B,East Midlands,,,,,,,LOAD RESPONSE,LOAD RESPONSE,,
2__BFSEN006,False,named_ispstack_id,2__BFSEN006,BFSE03,2__BFSENOK6,,F & S Energy Ltd,FSE0001,S,C,50.573,-49.032,0.0090174,_B,East Midlands,,48W000000BFSE03Z,BATTERY,OTHER,Primary BMU,BMU,BATTERY,,,
2__BSTAT001,False,named_ispstack_id,2__BSTAT001,AG-BSTK01,STAT_B2,,Statkraft Markets Gmbh,STATKRA1,S,C,4.000,0.000,0.0088925,_B,East Midlands,,,GAS,OTHER,Primary BMU,BMU,GAS,,,
2__BSTAT002,False,named_ispstack_id,2__BSTAT002,AG-BSTK02,STAT_B3,,Statkraft Markets Gmbh,STATKRA1,S,C,6.431,0.000,0.0088925,_B,East Midlands,,,,,,,BATTERY,BATTERY,,
2__BSTAT003,False,named_ispstack_id,2__BSTAT003,AG-BSTK03,STAT_B4,,Statkraft Markets Gmbh,STATKRA1,S,C,16.000,0.000,0.0090174,_B,East Midlands,,,,,,,BATTERY,BATTERY,,
2__BUKPR001,False,named_ispstack_id,2__BUKPR001,AG-BUKP01,UKPR East Mids,,UK Power Reserve Limited,UKPR,S,C,10.359,-10.000,0.0090174,_B,East Midlands,,,,,,,OCGT,OCGT,,
2__CMRCY002,False,named_ispstack_id,2__CMRCY002,AG-COCT01,AG-COCT01,,Octopus Energy Limited,MERCURY,S,C,0.000,-5.000,0.0181639,_C,London,,48W000AG-COCT01L,,,,,LOAD RESPONSE,LOAD RESPONSE,,
2__DLOND001,False,named_ispstack_id,2__DLOND001,AG-DEDF01,EDFE Aggregate MANWEB01,,EDF Energy Customers Limited,LENCO,S,C,24.000,-2.000,0.0071527,_D,Merseyside North Wales,,,GAS,OTHER,Primary BMU,BMU,OCGT,,,
2__DLOND002,False,named_ispstack_id,2__DLOND002,AG-DEDF02,EDFE Aggregate MANWEB02,,EDF Energy Customers Limited,LENCO,S,C,24.000,-2.000,0.0071527,_D,Merseyside North Wales,,,OCGT,OCGT,Primary BMU,BMU,OCGT,,,
2__DMRCY001,False,named_ispstack_id,2__DMRCY001,AG-DOCT01,AG-DOCT01,,Octopus Energy Limited,MERCURY,S,C,0.000,-5.000,0.0071527,_D,Merseyside North Wales,,48W000AG-DOCT01E,,,,,LOAD RESPONSE,LOAD RESPONSE,,
2__DSTAT001,False,named_ispstack_id,2__DSTAT001,AG-DSTK01,STAT_D2,,Statkraft Markets Gmbh,STATKRA1,S,C,20.000,-2.000,0.0071527,_D,Merseyside North Wales,,,,,,,BATTERY,BATTERY,,
2__DSTAT002,False,named_ispstack_id,2__DSTAT002,AG-DSTK02,STAT_D3,,Statkraft Markets Gmbh,STATKRA1,S,C,14.000,-2.000,0.0071527,_D,Merseyside North Wales,,,,,,,BATTERY,BATTERY,,
2__DSTAT003,False,named_ispstack_id,2__DSTAT003,AG-DSTK03,STAT_D4,,Statkraft Markets Gmbh,STATKRA1,S,C,20.447,0.000,0.0071527,_D,Merseyside North Wales,,,,,,,BATTERY,BATTERY,,
2__DSTAT004,False,named_ispstack_id,2__DSTAT004,AG-DSTK04,STAT_D5,,Statkraft Markets Gmbh,STATKRA1,S,C,16.000,0.000,0.0071527,_D,Merseyside North Wales,,,,,,,BATTERY,BATTERY,,
2__DSTAT005,False,named_ispstack_id,2__DSTAT005,AG-DSTK05,STAT_D6,,Statkraft Markets Gmbh,STATKRA1,S,C,16.000,0.000,0.0071527,_D,Merseyside North Wales,,,,,,,BATTERY,BATTERY,,
2__DSTAT007,False,named_ispstack_id,2__DSTAT007,AG-DSTK07,STAT_D8,,Statkraft Markets Gmbh,STATKRA1,S,C,30.000,-10.629,0.0071527,_D,Merseyside North Wales,,,,,,,BATTERY,BATTERY,,
2__DUKPR001,False,named_ispstack_id,2__DUKPR001,AG-DUKP01,UKPR MANW,,UK Power Reserve Limited,UKPR,S,C,20.000,-20.000,0.0071527,_D,Merseyside North Wales,,,,,,,OCGT,OCGT,,
2__ECNDL001,False,named_ispstack_id,2__ECNDL001,ECEN01,Redditch,,NEAS Energy Ltd.,CNDA,S,C,20.863,0.000,0.0169223,_E,Midlands,,,GAS,OTHER,Primary BMU,BMU,GAS,,,
2__EFLEX003,False,named_ispstack_id,2__EFLEX003,AG-EFLX03,2__EFLEX003,,Flexitricity Limited,FLEXTRCY,S,C,49.000,0.000,0.0169223,_E,Midlands,,,,,,,LOAD RESPONSE,LOAD RESPONSE,,
2__EFLEX004,False,named_ispstack_id,2__EFLEX004,AG-EFLX04,2__EFLEX004,,Flexitricity Limited,FLEXTRCY,S,C,49.000,0.000,0.0169223,_E,Midlands,,,,,,,LOAD RESPONSE,LOAD RESPONSE,,
2__ELOND002,False,named_ispstack_id,2__ELOND002,AG-EEDF02,EDF Aggregate Midlands 2,,EDF Energy Customers Limited,LENCO,S,C,6.000,0.000,0.0169223,_E,Midlands,,48W000AG-EEDF02,,,,,LOAD RESPONSE,LOAD RESPONSE,,
2__EMRCY001,False,named_ispstack_id,2__EMRCY001,AG-EOCT01,AG-EOCT01,,Octopus Energy Limited,MERCURY,S,C,0.000,-5.000,0.0169223,_E,Midlands,,,LOAD RESPONSE,OTHER,Additional Supplier BMU,BMU,LOAD RESPONSE,,,
2__ESTAT001,False,named_ispstack_id,2__ESTAT001,AG-ESTK01,STAT_E2,,Statkraft Markets Gmbh,STATKRA1,S,C,20.475,-2.000,0.0169223,_E,Midlands,,,,,,,BATTERY,BATTERY,,
2__ESTAT002,False,named_ispstack_id,2__ESTAT002,AG-ESTK02,STAT_E3,,Statkraft Markets Gmbh,STATKRA1,S,C,4.000,0.000,0.0178442,_E,Midlands,,,GAS,OTHER,Primary BMU,BMU,GAS,,,
2__ESTAT003,False,named_ispstack_id,2__ESTAT003,AG-ESTK03,STAT_E4,,Statkraft Markets Gmbh,STATKRA1,S,C,18.000,-2.000,0.0169223,_E,Midlands,,48W000AG-ESTK034,,,,,BATTERY,BATTERY,,
2__FBPGM001,False,named_ispstack_id,2__FBPGM001,FBPG01,Wormald Green BESS,,BP Gas Marketing Limited,BPGAS,S,C,39.859,-34.400,-0.0088231,_F,Northern,,,,,,,BATTERY,BATTERY,,
2__FBPGM002,False,named_ispstack_id,2__FBPGM002,FBPG02,Hawthorn Pit BESS,,BP Gas Marketing Limited,BPGAS,S,C,59.642,-54.800,-0.0088231,_F,Northern,,,,,,,BATTERY,BATTERY,,
2__FFSEN005,False,named_ispstack_id,2__FFSEN005,FFSE01,2__FFSENOK5,,F & S Energy Ltd,FSE0001,S,C,24.479,-23.922,-0.0088231,_F,Northern,,,,,,,OTHER,,,
2__FFSEN007,False,named_ispstack_id,2__FFSEN007,FFSE02,2__FFSENOK7,,F & S Energy Ltd,FSE0001,S,C,22.826,-21.485,-0.0088231,_F,Northern,,,,,,,OTHER,,,
2__FMRCY001,False,named_ispstack_id,2__FMRCY001,AG-FOCT01,AG-FOCT01,,Octopus Energy Limited,MERCURY,S,C,0.000,-5.000,-0.0088231,_F,Northern,,48W000AG-FOCT010,,,,,LOAD RESPONSE,LOAD RESPONSE,,
2__GANGE001,False,named_ispstack_id,2__GANGE001,AG-GLIM01,2__GANGE001,,Limejump Energy Limited,ANGEL,S,C,50.000,-44.628,0.0000456,_G,North Western,,,,,,,LOAD RESPONSE,LOAD RESPONSE,,
2__GCMRO001,False,named_ispstack_id,2__GCMRO001,BUXTB-1,2__GCMRO001,,BGI Trading Limited,CAMARO,S,C,16.379,-16.941,0.0000456,_G,North Western,,,,,,,OTHER,,,
2__GCMRO002,False,named_ispstack_id,2__GCMRO002,WTRSB-1,2__GCMRO002,,BGI Trading Limited,CAMARO,S,C,14.000,-14.311,0.0000456,_G,North Western,,,,,,,OTHER,,,
2__GFLEX001,False,named_ispstack_id,2__GFLEX001,AG-GFLX01,2__GFLEX001,,Flexitricity Limited,FLEXTRCY,S,C,49.000,0.000,0.0000456,_G,North Western,,,,,,,LOAD RESPONSE,LOAD RESPONSE,,
2__GFLEX002,False,named_ispstack_id,2__GFLEX002,AG-GFLX02,2__GFLEX002,,Flexitricity Limited,FLEXTRCY,S,C,49.000,0.000,0.0000456,_G,North Western,,,,,,,LOAD RESPONSE,LOAD RESPONSE,,
2__GFLEX003,False,named_ispstack_id,2__GFLEX003,AG-GFLX03,2__GFLEX003,,Flexitricity Limited,FLEXTRCY,S,C,49.000,0.000,0.0000456,_G,North Western,,,,,,,LOAD RESPONSE,LOAD RESPONSE,,
2__GFLEX005,False,named_ispstack_id,2__GFLEX005,AG-GFLX05,2__GFLEX005,,Flexitricity Limited,FLEXTRCY,S,C,49.000,0.000,0.0000456,_G,North Western,,,GAS,OTHER,Additional Supplier BMU,BMU,GAS,,,
2__GFLEX008,False,named_ispstack_id,2__GFLEX008,AG-GFLX08,2__GFLEX008,,Flexitricity Limited,FLEXTRCY,S,C,49.000,-38.066,0.0000456,_G,North Western,,,BATTERY,OTHER,Additional Supplier BMU,BMU,BATTERY,,,
2__GLOND003,False,named_ispstack_id,2__GLOND003,AG-GEDF03,EDFE Aggregate NW Eng 3,,EDF Energy Customers Limited,LENCO,S,C,50.000,-2.000,0.0000456,_G,North Western,,,OCGT,OCGT,Primary BMU,BMU,OCGT,,,
2__GLOND004,False,named_ispstack_id,2__GLOND004,AG-GEDF04,EDFE Aggregate NW Eng 4,,EDF Energy Customers Limited,LENCO,S,C,24.000,-2.000,0.0000456,_G,North Western,,,OCGT,OCGT,Primary BMU,BMU,OCGT,,,
2__GMRCY001,False,named_ispstack_id,2__GMRCY001,AG-GOCT01,AG-GOCT01,,Octopus Energy Limited,MERCURY,S,C,0.000,-5.000,0.0000456,_G,North Western,,48W000AG-GOCT01U,,,,,LOAD RESPONSE,LOAD RESPONSE,,
2__GSMAE003,False,named_ispstack_id,2__GSMAE003,GSMA03,2__GSMAE003,,Smartestenergy Limited,SMARTEST,S,C,61.882,0.000,0.0000456,_G,North Western,,,CCGT,CCGT,Primary BMU,BMU,CCGT,,,
2__GSTAT007,False,named_ispstack_id,2__GSTAT007,AG-GSTK07,STAT_G8,,Statkraft Markets Gmbh,STATKRA1,S,C,8.000,0.000,0.0000456,_G,North Western,,,,,,,BATTERY,BATTERY,,
2__GSTAT009,False,named_ispstack_id,2__GSTAT009,AG-GSTK09,STAT_G10,,Statkraft Markets Gmbh,STATKRA1,S,C,16.450,-16.000,0.0000456,_G,North Western,,,,,,,BATTERY,BATTERY,,
2__GSTAT010,False,named_ispstack_id,2__GSTAT010,AG-GSTK10,STAT_G11,,Statkraft Markets Gmbh,STATKRA1,S,C,16.000,0.000,0.0000456,_G,North Western,,,,,,,BATTERY,BATTERY,,
2__GSTAT011,False,named_ispstack_id,2__GSTAT011,AG-GSTK11,STAT_G12,,Statkraft Markets Gmbh,STATKRA1,S,C,14.000,0.000,0.0000456,_G,North Western,,,,,,,BATTERY,BATTERY,,
2__GSTAT012,False,named_ispstack_id,2__GSTAT012,AG-GSTK12,STAT_G13,,Statkraft Markets Gmbh,STATKRA1,S,C,16.000,0.000,0.0000456,_G,North Western,,48W000AG-GSTK12Q,,,,,BATTERY,BATTERY,,
2__GSTAT013,False,named_ispstack_id,2__GSTAT013,AG-GSTK13,STAT_G14,,Statkraft Markets Gmbh,STATKRA1,S,C,14.000,0.000,0.0000456,_G,North Western,,,GAS,OTHER,Primary BMU,BMU,GAS,,,
2__GSTAT015,False,named_ispstack_id,2__GSTAT015,AG-GSTK15,STAT_G16,,Statkraft Markets Gmbh,STATKRA1,S,C,16.000,0.000,0.0000456,_G,North Western,,,,,,,BATTERY,BATTERY,,
2__GSTAT016,False,named_ispstack_id,2__GSTAT016,AG-GSTK16,STAT_G17,,Statkraft Markets Gmbh,STATKRA1,S,C,8.000,-8.000,0.0000456,_G,North Western,,,,,,,BATTERY,BATTERY,,
2__GSTAT017,False,named_ispstack_id,2__GSTAT017,AG-GSTK17,STAT_G18,,Statkraft Markets Gmbh,STATKRA1,S,C,28.000,-2.000,0.0000456,_G,North Western,,,,,,,BATTERY,BATTERY,,
2__HANGE001,False,named_ispstack_id,2__HANGE001,AG-HLIM01,2__HANGE001,,Limejump Energy Limited,ANGEL,S,C,50.000,-20.791,0.0160652,_H,Southern,,,,,,,LOAD RESPONSE,LOAD RESPONSE,,
2__HANGE002,False,named_ispstack_id,2__HANGE002,AG-HLIM02,2__HANGE002,,Limejump Energy Limited,ANGEL,S,C,50.000,-41.187,0.0160652,_H,Southern,,,,,,,LOAD RESPONSE,LOAD RESPONSE,,
2__HANGE003,False,named_ispstack_id,2__HANGE003,AG-HLIM03,2__HANGE003,,Limejump Energy Limited,ANGEL,S,C,49.813,-52.284,0.0160652,_H,Southern,,,,,,,LOAD RESPONSE,LOAD RESPONSE,,
2__HANGE004,False,named_ispstack_id,2__HANGE004,AG-HLIM04,2__HANGE004,,Limejump Energy Limited,ANGEL,S,C,49.335,-51.835,0.0160652,_H,Southern,,,BATTERY,OTHER,Primary BMU,BMU,BATTERY,,,
2__HANGE005,False,named_ispstack_id,2__HANGE005,AG-HLIM05,2__HANGE005,,Limejump Energy Limited,ANGEL,S,C,101.899,-106.454,0.0160652,_H,Southern,,,OTHER,OTHER,Primary BMU,BMU,OTHER,,,
2__HFLEX001,False,named_ispstack_id,2__HFLEX001,AG-HFLX01,2__HFLEX001,,Flexitricity Limited,FLEXTRCY,S,C,49.000,0.000,0.0160652,_H,Southern,,,,,,,LOAD RESPONSE,LOAD RESPONSE,,
2__HIMPO002,False,named_ispstack_id,2__HIMPO002,HSSE01,2__HIMPO002,,SSE Energy Supply Limited,SSE,S,C,52.564,-52.293,0.0160652,_H,Southern,,,,,,,LOAD RESPONSE,LOAD RESPONSE,,
2__HLOND002,False,named_ispstack_id,2__HLOND002,AG-HEDF02,EDFE Aggregate S Eng 02,,EDF Energy Customers Limited,LENCO,S,C,53.123,-52.000,0.0160652,_H,Southern,,,BATTERY,OTHER,Additional Supplier BMU,BMU,BATTERY,,,
2__HMRCY001,False,named_ispstack_id,2__HMRCY001,AG-HOCT01,AG-HOCT01,,Octopus Energy Limited,MERCURY,S,C,0.000,-5.000,0.0160652,_H,Southern,,,LOAD RESPONSE,OTHER,Additional Supplier BMU,BMU,LOAD RESPONSE,,,
2__HSTAT001,False,named_ispstack_id,2__HSTAT001,AG-HSTK01,STAT_H2,,Statkraft Markets Gmbh,STATKRA1,S,C,100.000,-100.000,0.0160652,_H,Southern,,,,,,,BATTERY,BATTERY,,
2__HSTAT002,False,named_ispstack_id,2__HSTAT002,AG-HSTK02,STAT_H3,,Statkraft Markets Gmbh,STATKRA1,S,C,52.237,-50.000,0.0160652,_H,Southern,,,,,,,BATTERY,BATTERY,,
2__HSTAT003,False,named_ispstack_id,2__HSTAT003,AG-HSTK03,STAT_H4,,Statkraft Markets Gmbh,STATKRA1,S,C,20.475,-2.000,0.0160652,_H,Southern,,,,,,,BATTERY,BATTERY,,
2__HSTAT005,False,named_ispstack_id,2__HSTAT005,AG-HSTK05,STAT_H6,,Statkraft Markets Gmbh,STATKRA1,S,C,16.000,0.000,0.0160652,_H,Southern,,,,,,,BATTERY,BATTERY,,
2__HSTAT006,False,named_ispstack_id,2__HSTAT006,AG-HSTK06,STAT_H7,,Statkraft Markets Gmbh,STATKRA1,S,C,16.000,0.000,0.0160652,_H,Southern,,,,,,,BATTERY,BATTERY,,
2__HSTAT007,False,named_ispstack_id,2__HSTAT007,AG-HSTK07,STAT_H8,,Statkraft Markets Gmbh,STATKRA1,S,C,40.000,-40.000,0.0160652,_H,Southern,,,BATTERY,OTHER,Primary BMU,BMU,BATTERY,,,
2__JLOND002,False,named_ispstack_id,2__JLOND002,AG-JEDF02,EDFE Aggregate S E Eng 02,,EDF Energy Customers Limited,LENCO,S,C,12.000,-2.000,0.0085077,_J,South Eastern,,,OCGT,OCGT,Primary BMU,BMU,OCGT,,,
2__JLOND003,False,named_ispstack_id,2__JLOND003,AG-JEDF03,EDFE Aggregate S E Eng 03,,EDF Energy Customers Limited,LENCO,S,C,12.000,-0.325,0.0085077,_J,South Eastern,,,OCGT,OCGT,Primary BMU,BMU,OCGT,,,
2__JMRCY001,False,named_ispstack_id,2__JMRCY001,AG-JOCT01,AG-JOCT01,,Octopus Energy Limited,MERCURY,S,C,0.000,-5.000,0.0085077,_J,South Eastern,,,LOAD RESPONSE,OTHER,Additional Supplier BMU,BMU,LOAD RESPONSE,,,
2__JSTAT001,False,named_ispstack_id,2__JSTAT001,AG-JSTK01,STAT_J2,,Statkraft Markets Gmbh,STATKRA1,S,C,22.000,-2.000,0.0085077,_J,South Eastern,,,,,,,BATTERY,BATTERY,,
2__JSTAT002,False,named_ispstack_id,2__JSTAT002,AG-JSTK02,STAT_J3,,Statkraft Markets Gmbh,STATKRA1,S,C,6.305,-8.000,0.0085077,_J,South Eastern,,,,,,,BATTERY,BATTERY,,
2__JSTAT003,False,named_ispstack_id,2__JSTAT003,AG-JSTK03,STAT_J4,,Statkraft Markets Gmbh,STATKRA1,S,C,22.000,0.000,0.0085077,_J,South Eastern,,,,,,,BATTERY,BATTERY,,
2__JUKPR001,False,named_ispstack_id,2__JUKPR001,AG-JUKP01,UKPR S East,,UK Power Reserve Limited,UKPR,S,C,50.000,-50.000,0.0085077,_J,South Eastern,,,,,,,OCGT,OCGT,,
2__KFLEX001,False,named_ispstack_id,2__KFLEX001,AG-KFLX01,2__KFLEX001,,Flexitricity Limited,FLEXTRCY,S,C,49.000,0.000,0.0162928,_K,South Wales,,,,,,,LOAD RESPONSE,LOAD RESPONSE,,
2__KMRCY001,False,named_ispstack_id,2__KMRCY001,AG-KOCT01,AG-KOCT01,,Octopus Energy Limited,MERCURY,S,C,0.000,-5.000,0.0162928,_K,South Wales,,48W000AG-KOCT012,,,,,LOAD RESPONSE,LOAD RESPONSE,,
2__KSTAT001,False,named_ispstack_id,2__KSTAT001,AG-KSTK01,STAT_K2,,Statkraft Markets Gmbh,STATKRA1,S,C,8.000,0.000,0.0162928,_K,South Wales,,,,,,,BATTERY,BATTERY,,
2__KSTAT002,False,named_ispstack_id,2__KSTAT002,AG-KSTK02,STAT_K3,,Statkraft Markets Gmbh,STATKRA1,S,C,14.000,0.000,0.0162928,_K,South Wales,,,,,,,BATTERY,BATTERY,,
2__KSTAT003,False,named_ispstack_id,2__KSTAT003,AG-KSTK03,STAT_K4,,Statkraft Markets Gmbh,STATKRA1,S,C,16.000,0.000,0.0162928,_K,South Wales,,,,,,,BATTERY,BATTERY,,
2__KSTAT004,False,named_ispstack_id,2__KSTAT004,AG-KSTK04,STAT_K5,,Statkraft Markets Gmbh,STATKRA1,S,C,16.300,0.000,0.0162928,_K,South Wales,,,,,,,BATTERY,BATTERY,,
2__KUKPR001,False,named_ispstack_id,2__KUKPR001,AG-KUKP01,UKPR S Wales,,UK Power Reserve Limited,UKPR,S,C,10.200,-1.000,0.0162928,_K,South Wales,,,OTHER,OTHER,Primary BMU,BMU,OTHER,,,
2__LANGE002,False,named_ispstack_id,2__LANGE002,AG-LLIM02,2__LANGE002,,Limejump Energy Limited,ANGEL,S,C,50.000,-27.289,0.0181821,_L,South Western,,,,,,,LOAD RESPONSE,LOAD RESPONSE,,
2__LFLEX001,False,named_ispstack_id,2__LFLEX001,AG-LFLX01,2__LFLEX001,,Flexitricity Limited,FLEXTRCY,S,C,49.000,-20.200,0.0181821,_L,South Western,,,,,,,LOAD RESPONSE,LOAD RESPONSE,,
2__LMRCY001,False,named_ispstack_id,2__LMRCY001,AG-LOCT01,AG-LOCT01,,Octopus Energy Limited,MERCURY,S,C,0.000,-5.000,0.0181821,_L,South Western,,48W000AG-LOCT01W,,,,,LOAD RESPONSE,LOAD RESPONSE,,
2__LSTAT001,False,named_ispstack_id,2__LSTAT001,AG-LSTK01,2_LSTAT001,,Statkraft Markets Gmbh,STATKRA1,S,C,20.423,-2.000,0.0181821,_L,South Western,,,,,,,BATTERY,BATTERY,,
2__LSTAT003,False,named_ispstack_id,2__LSTAT003,AG-LSTK03,STAT_L4,,Statkraft Markets Gmbh,STATKRA1,S,C,20.000,-2.000,0.0181821,_L,South Western,,,,,,,BATTERY,BATTERY,,
2__LUKPR001,False,named_ispstack_id,2__LUKPR001,AG-LUKP01,UKPR S West,,UK Power Reserve Limited,UKPR,S,C,10.200,-1.000,0.0181821,_L,South Western,,,OTHER,OTHER,Primary BMU,BMU,OTHER,,,
2__MCMRO002,False,named_ispstack_id,2__MCMRO002,AG-MCAM01,2__MCMRO002,,BGI Trading Limited,CAMARO,S,C,36.844,-37.093,-0.0012435,_M,Yorkshire,,48W000AG-MCAM01O,,,,,OTHER,,,
2__MCMRO003,False,named_ispstack_id,2__MCMRO003,SWGTB-1,2__MCMRO003,,BGI Trading Limited,CAMARO,S,C,50.000,-50.000,-0.0012435,_M,Yorkshire,,48W00000SWGTB-15,,,,,OTHER,,,
2__MCNDL001,False,named_ispstack_id,2__MCNDL001,BRGDG-1,Brigg DG,,NEAS Energy Ltd.,CNDA,S,C,51.433,0.000,-0.0012435,_M,Yorkshire,,,OCGT,OCGT,Primary BMU,BMU,OCGT,,,
2__MCNDL002,False,named_ispstack_id,2__MCNDL002,AG-MCET01,Brigg DG-2,,NEAS Energy Ltd.,CNDA,S,C,48.528,0.000,-0.0012435,_M,Yorkshire,,,,,,,OTHER,,,
2__MMRCY001,False,named_ispstack_id,2__MMRCY001,AG-MOCT01,AG-MOCT01,,Octopus Energy Limited,MERCURY,S,C,0.000,-5.000,-0.0012435,_M,Yorkshire,,48W000AG-MOCT01P,,,,,LOAD RESPONSE,LOAD RESPONSE,,
2__MSTAT001,False,named_ispstack_id,2__MSTAT001,AG-MSTK01,STAT_M2,,Statkraft Markets Gmbh,STATKRA1,S,C,50.000,-50.000,-0.0012435,_M,Yorkshire,,,BATTERY,OTHER,Primary BMU,BMU,BATTERY,,,
2__MSTAT002,False,named_ispstack_id,2__MSTAT002,AG-MSTK02,STAT_M3,,Statkraft Markets Gmbh,STATKRA1,S,C,50.510,-2.000,-0.0012435,_M,Yorkshire,,,,,,,BATTERY,BATTERY,,
2__MSTAT005,False,named_ispstack_id,2__MSTAT005,AG-MSTK05,STAT_M6,,Statkraft Markets Gmbh,STATKRA1,S,C,8.000,-8.000,-0.0012435,_M,Yorkshire,,,,,,,BATTERY,BATTERY,,
2__MSTAT006,False,named_ispstack_id,2__MSTAT006,AG-MSTK06,STAT_M7,,Statkraft Markets Gmbh,STATKRA1,S,C,16.000,0.000,-0.0012435,_M,Yorkshire,,,,,,,BATTERY,BATTERY,,
2__NCPPR001,False,named_ispstack_id,2__NCPPR001,BYBRB-1,Byers Brae,,Octopus Energy Trading Limited,COPPER,S,C,30.000,-30.000,-0.0119196,_N,South Scotland,,,BATTERY,OTHER,Additional Supplier BMU,BMU,BATTERY,,,
2__NFLEX001,False,named_ispstack_id,2__NFLEX001,AG-NFLX01,2__NFLEX001,OTHER,Flexitricity Limited,FLEXTRCY,S,C,50.406,-50.245,-0.0119196,_N,South Scotland,,,,,,,OTHER,,,
2__NFLEX002,False,named_ispstack_id,2__NFLEX002,AG-NFLX02,2__NFLEX002,,Flexitricity Limited,FLEXTRCY,S,C,49.000,0.000,-0.0119196,_N,South Scotland,,,BATTERY,OTHER,Additional Supplier BMU,BMU,BATTERY,,,
2__NFLEX003,False,named_ispstack_id,2__NFLEX003,AG-NFLX03,2__NFLEX003,,Flexitricity Limited,FLEXTRCY,S,C,49.000,0.000,-0.0119196,_N,South Scotland,,,,,,,LOAD RESPONSE,LOAD RESPONSE,,
2__NFLEX004,False,named_ispstack_id,2__NFLEX004,AG-NFLX04,2__NFLEX004,,Flexitricity Limited,FLEXTRCY,S,C,49.000,0.000,-0.0119196,_N,South Scotland,,,,,,,LOAD RESPONSE,LOAD RESPONSE,,
2__NFLEX005,False,named_ispstack_id,2__NFLEX005,AG-NFLX05,2__NFLEX005,,Flexitricity Limited,FLEXTRCY,S,C,49.000,0.000,-0.0119196,_N,South Scotland,,,,,,,LOAD RESPONSE,LOAD RESPONSE,,
2__NFLEX006,False,named_ispstack_id,2__NFLEX006,AG-NFLX06,2__NFLEX006,,Flexitricity Limited,FLEXTRCY,S,C,49.000,0.000,-0.0119196,_N,South Scotland,,,,,,,LOAD RESPONSE,LOAD RESPONSE,,
2__NFLEX007,False,named_ispstack_id,2__NFLEX007,AG-NFLX07,2__NFLEX007,,Flexitricity Limited,FLEXTRCY,S,C,49.000,0.000,-0.0119196,_N,South Scotland,,,,,,,LOAD RESPONSE,LOAD RESPONSE,,
2__NFLEX008,False,named_ispstack_id,2__NFLEX008,AG-NFLX08,2__NFLEX008,,Flexitricity Limited,FLEXTRCY,S,C,49.000,0.000,-0.0119196,_N,South Scotland,,,OTHER,OTHER,Additional Supplier BMU,BMU,OTHER,,,
2__NFLEX009,False,named_ispstack_id,2__NFLEX009,AG-NFLX09,2__NFLEX009,OTHER,Flexitricity Limited,FLEXTRCY,S,C,49.000,-49.148,-0.0119196,_N,South Scotland,,,,,,,OTHER,,,
2__NHPOW001,False,named_ispstack_id,2__NHPOW001,AG-NHAV01,2__NHPOW001,,Drax Energy Solutions Limited,HAVEN,S,C,25.000,0.000,-0.0119196,_N,South Scotland,,,NPSHYD,NPSHYD,Primary BMU,BMU,NPSHYD,,,
2__NHPOW002,False,named_ispstack_id,2__NHPOW002,AG-NHAV02,2__NHPOW002,,Drax Energy Solutions Limited,HAVEN,S,C,108.000,0.000,-0.0119196,_N,South Scotland,,,NPSHYD,NPSHYD,Primary BMU,BMU,NPSHYD,,,
2__NLOND001,False,named_ispstack_id,2__NLOND001,AG-NEDF01,EDFE Aggregate S Scotland 01,,EDF Energy Customers Limited,LENCO,S,C,30.000,-2.000,-0.0119196,_N,South Scotland,,,OCGT,OCGT,Primary BMU,BMU,OCGT,,,
2__NLOND002,False,named_ispstack_id,2__NLOND002,AG-NEDF02,EDFE Aggregate S Scot 2,,EDF Energy Customers Limited,LENCO,S,C,30.000,-2.000,-0.0119196,_N,South Scotland,,,OCGT,OCGT,Primary BMU,BMU,OCGT,,,
2__NLOND003,False,named_ispstack_id,2__NLOND003,AG-NEDF03,EDFE Aggregate S Scot 3,,EDF Energy Customers Limited,LENCO,S,C,30.000,-2.000,-0.0119196,_N,South Scotland,,,,,,,LOAD RESPONSE,LOAD RESPONSE,,
2__NMRCY001,False,named_ispstack_id,2__NMRCY001,AG-NOCT01,AG-NOCT01,,Octopus Energy Limited,MERCURY,S,C,0.000,-5.000,-0.0119196,_N,South Scotland,,48W000AG-NOCT01I,,,,,LOAD RESPONSE,LOAD RESPONSE,,
2__PFLEX001,False,named_ispstack_id,2__PFLEX001,AG-PFLX01,2__PFLEX001,OTHER,Flexitricity Limited,FLEXTRCY,S,C,49.000,-48.349,-0.0323359,_P,North Scotland,,,,,,,OTHER,,,
2__PFLEX002,False,named_ispstack_id,2__PFLEX002,AG-PFLX02,2__PFLEX002,OTHER,Flexitricity Limited,FLEXTRCY,S,C,107.325,-50.488,-0.0323359,_P,North Scotland,,48W000AG-PFLX02W,,,,,OTHER,,,
2__PLOND001,False,named_ispstack_id,2__PLOND001,AG-PEDF01,EDFE Aggregate N Scot 1,OTHER,EDF Energy Customers Limited,LENCO,S,C,52.000,-52.000,-0.0323359,_P,North Scotland,,,,,,,OTHER,,,
E_ABERDARE,False,named_ispstack_id,E_ABERDARE,ABERU-1,Aberdare Power Station,,UK Power Reserve Limited,UKPR,E,C,15.400,0.000,0.0162928,_K,South Wales,,,OCGT,OCGT,Primary BMU,BMU,OCGT,,,
E_ALCOA-1,False,named_ispstack_id,E_ALCOA-1,ALCOA-1,Alcoa,,Conrad Energy (Trading) Ltd,CONRAD,E,C,40.500,-1.100,0.0162928,_K,South Wales,,,,,,,DIESEL,DIESEL,,
E_ARBRB-1,False,named_ispstack_id,E_ARBRB-1,ARBRB-1,Arbroath Battery Storage,OTHER,Octopus Energy Trading Limited,COPPER,E,C,34.511,-35.964,-0.0323359,_P,North Scotland,,,,,,,OTHER,,,
E_ARNKB-1,False,named_ispstack_id,E_ARNKB-1,ARNKB-1,AR0006-BLOX,,Octopus Energy Trading Limited,COPPER,E,P,41.660,-41.620,0.0169223,_E,Midlands,,,,,,,LOAD RESPONSE,LOAD RESPONSE,,
E_ARNKB-2,False,named_ispstack_id,E_ARNKB-2,ARNKB-2,Hutton Battery Storage,,Flexitricity Limited,FLEXTRCY,E,C,49.000,-4.941,0.0048990,_A,Eastern,,,,,,,BATTERY,BATTERY,,
E_BARNB-1,False,named_ispstack_id,E_BARNB-1,BARNB-1,Hunningley Stairfoot BESS,,EDF Energy Customers Limited,LENCO,E,C,44.000,-44.000,-0.0012435,_M,Yorkshire,,,BATTERY,OTHER,Primary BMU,BMU,BATTERY,,,
E_BHOLB-1,False,named_ispstack_id,E_BHOLB-1,BHOLB-1,Holes Bay Battery,,Tesla Motors Limited,TESLA,E,P,7.120,-7.426,0.0160652,_H,Southern,,,,,,,BATTERY,BATTERY,,
E_BLKPB-1,False,named_ispstack_id,E_BLKPB-1,BLKPB-1,Blackpool,,Conrad Energy (Trading) Ltd,CONRAD,E,C,25.300,-25.604,0.0000456,_G,North Western,,,BATTERY,OTHER,Primary BMU,BMU,BATTERY,,,
E_BRIDGWTR,False,named_ispstack_id,E_BRIDGWTR,BRIDU-1,Bridgwater Power Station,,UK Power Reserve Limited,UKPR,E,C,10.180,0.000,0.0181821,_L,South Western,,,GAS,OTHER,Primary BMU,BMU,GAS,,,
E_BROAB-1,False,named_ispstack_id,E_BROAB-1,BROAB-1,Broadditch Battery,,Tesla Motors Limited,TESLA,E,P,11.000,-11.000,0.0085077,_J,South Eastern,,,,,,,BATTERY,BATTERY,,
E_BROFB-1,False,named_ispstack_id,E_BROFB-1,BROFB-1,Brook Farm BESS,,EDF Energy Customers Limited,LENCO,E,C,52.000,-52.803,0.0048990,_A,Eastern,,,BATTERY,OTHER,Primary BMU,BMU,BATTERY,,,
E_BSPHM-1,False,named_ispstack_id,E_BSPHM-1,BSPHM-1,Bispham,,Conrad Energy (Trading) Ltd,CONRAD,E,C,20.000,0.000,0.0000456,_G,North Western,,,,,,,DIESEL,DIESEL,,
E_BURWB-2,False,named_ispstack_id,E_BURWB-2,BURWB-2,Burwell 1,,EDF Energy Customers Limited,LENCO,E,C,52.000,-52.000,0.0048990,_A,Eastern,,,,,,,LOAD RESPONSE,LOAD RESPONSE,,
E_CHAPB-1,False,named_ispstack_id,E_CHAPB-1,CHAPB-1,Chapel Farm BESS,,Tesla Motors Limited,TESLA,E,P,50.169,-50.210,0.0048990,_A,Eastern,,,,,,,BATTERY,BATTERY,,
E_CLAYB-1,False,named_ispstack_id,E_CLAYB-1,CLAYB-1,ClayTye Farm 1 Battery Storage,,Tesla Motors Limited,TESLA,E,P,49.500,-49.500,0.0048990,_A,Eastern,,,,,,,BATTERY,BATTERY,,
E_CLAYB-2,False,named_ispstack_id,E_CLAYB-2,CLAYB-2,ClayTye Farm 2 Battery Storage,,Tesla Motors Limited,TESLA,E,P,49.500,-49.500,0.0048990,_A,Eastern,,,,,,,BATTERY,BATTERY,,
E_CONTB-1,False,named_ispstack_id,E_CONTB-1,CONTB-1,Contego Battery,,Tesla Motors Limited,TESLA,E,P,35.800,-34.445,0.0085077,_J,South Eastern,,,,,,,BATTERY,BATTERY,,
E_CRSSB-1,False,named_ispstack_id,E_CRSSB-1,CRSSB-1,Carnegie Road 1,,Arenko Cleantech Limited,AG,E,P,20.000,-20.630,0.0071527,_D,Merseyside North Wales,,,BATTERY,OTHER,Primary BMU,BMU,BATTERY,,,
E_CUPAB-1,False,named_ispstack_id,E_CUPAB-1,CUPAB-1,Coupar Battery Storage,OTHER,Octopus Energy Trading Limited,COPPER,E,C,41.314,-41.543,-0.0323359,_P,North Scotland,,,,,,,OTHER,,,
E_DBFRM-1,False,named_ispstack_id,E_DBFRM-1,DBFRM-1,Down Barn Farm,,Conrad Energy (Trading) Ltd,CONRAD,E,C,20.000,-1.000,0.0160652,_H,Southern,,,,,,,DIESEL,DIESEL,,
E_DERBY-1,False,named_ispstack_id,E_DERBY-1,DERBY-2,DERBY,,Whitetower Energy Limited,FDUN1,E,P,56.084,-6.000,0.0090174,_B,East Midlands,,,OCGT,OCGT,Primary BMU,BMU,OCGT,,,
E_DOLLB-1,False,named_ispstack_id,E_DOLLB-1,DOLLB-1,Dollymans Storage,OTHER,Dollymans Storage Limited,DLMS,E,P,102.000,-100.820,0.0048990,_A,Eastern,,,,,,,OTHER,,,
E_EXETR-2,False,named_ispstack_id,E_EXETR-2,EXETR-2,Exeter,,Whitetower Energy Limited,FDUN1,E,P,50.000,-6.000,0.0181821,_L,South Western,,,OCGT,OCGT,Primary BMU,BMU,OCGT,,,
E_FARNB-1,False,named_ispstack_id,E_FARNB-1,FARNB-1,Farnham BESS,,Tesla Motors Limited,TESLA,E,P,20.000,-20.000,0.0160652,_H,Southern,,,,,,,BATTERY,BATTERY,,
E_FDUN-1,False,named_ispstack_id,E_FDUN-1,FDUNT-1,Fort Dunlop,,Whitetower Energy Limited,FDUN1,E,C,99.000,-1.000,0.0169223,_E,Midlands,,48W00000FDUNT-15,OCGT,OCGT,Primary BMU,BMU,OCGT,,,
E_GOSHS-1,False,named_ispstack_id,E_GOSHS-1,GOSHS-1,Goose House Lane,,Conrad Energy (Trading) Ltd,CONRAD,E,C,20.000,-1.000,0.0000456,_G,North Western,,,,,,,DIESEL,DIESEL,,
E_GRCRB-1,False,named_ispstack_id,E_GRCRB-1,GRCRB-1,Gerrards Cross BESS,,FIELD GERRARDS CROSS LTD,FIELDGER,E,P,20.000,-20.000,0.0160652,_H,Southern,,,BATTERY,OTHER,Primary BMU,BMU,BATTERY,,,
E_GYAR-1,False,named_ispstack_id,E_GYAR-1,GYAR-1,Great Yarmouth Power Limited,CCGT,RWE Generation UK plc,INNOGY01,E,P,420.000,-18.000,0.0048990,_A,Eastern,,48W000000GYAR-15,GAS,CCGT,Primary BMU,BMU,CCGT,,,
E_HAWKB-1,False,named_ispstack_id,E_HAWKB-1,HAWKB-1,HawkersHill  Battery,,Tesla Motors Limited,TESLA,E,P,20.000,-20.000,0.0160652,_H,Southern,,,,,,,BATTERY,BATTERY,,
E_ILMEB-1,False,named_ispstack_id,E_ILMEB-1,ILMEB-1,Ilmer Lane BESS,,Tesla Motors Limited,TESLA,E,P,49.500,-49.500,0.0048990,_A,Eastern,,,,,,,BATTERY,BATTERY,,
E_JAMBB-1,False,named_ispstack_id,E_JAMBB-1,JAMBB-1,Jamesfield 1 Battery Storage,OTHER,Tesla Motors Limited,TESLA,E,P,30.000,-30.000,-0.0323359,_P,North Scotland,,,BATTERY,OTHER,Primary BMU,BMU,BATTERY,,,
E_JAMBB-2,False,named_ispstack_id,E_JAMBB-2,JAMBB-2,Jamesfield 2 Battery Storage,OTHER,Tesla Motors Limited,TESLA,E,P,19.000,-19.314,-0.0323359,_P,North Scotland,,,,,,,OTHER,,,
E_KLYN-A-1,False,named_ispstack_id,E_KLYN-A-1,KLYN-A-1,Kings Lynn A,CCGT,RWE Generation UK plc,INNOGY01,E,P,392.000,-10.000,0.0048990,_A,Eastern,,48W0000KLYN-A-1G,GAS,OTHER,Primary BMU,BMU,CCGT,,,
E_LCHWT-1,False,named_ispstack_id,E_LCHWT-1,LCHWT-1,Letchworth,,Conrad Energy (Trading) Ltd,CONRAD,E,C,15.000,-1.000,0.0048990,_A,Eastern,,,,,,,DIESEL,DIESEL,,
E_LITRB-1,False,named_ispstack_id,E_LITRB-1,LITRB-1,Little Raith BESS,OTHER,Tesla Motors Limited,TESLA,E,P,50.000,-50.000,-0.0119196,_N,South Scotland,,,BATTERY,OTHER,Primary BMU,BMU,BATTERY,,,
E_LSTWY-1,False,named_ispstack_id,E_LSTWY-1,LSTWY-1,Lester Way,,Conrad Energy (Trading) Ltd,CONRAD,E,C,12.720,-1.000,0.0160652,_H,Southern,,,,,,,DIESEL,DIESEL,,
E_MDLWH-1,False,named_ispstack_id,E_MDLWH-1,MDLWH-1,Middlewich,,Conrad Energy (Trading) Ltd,CONRAD,E,C,20.000,0.000,0.0071527,_D,Merseyside North Wales,,,,,,,DIESEL,DIESEL,,
E_MORFL-1,False,named_ispstack_id,E_MORFL-1,MORFL-1,Moorfield Drive,,Conrad Energy (Trading) Ltd,CONRAD,E,C,20.000,-1.000,0.0000456,_G,North Western,,,,,,,DIESEL,DIESEL,,
E_NEWPB-1,False,named_ispstack_id,E_NEWPB-1,NEWPB-1,Newport BESS,,Field Newport Ltd,FIELDNEW,E,P,20.933,-20.931,0.0162928,_K,South Wales,,,BATTERY,OTHER,Primary BMU,BMU,BATTERY,,,
E_NEWTB-1,False,named_ispstack_id,E_NEWTB-1,NEWTB-1,Newton wood BESS,,EDF Energy Customers Limited,LENCO,E,C,52.000,-52.000,0.0090174,_B,East Midlands,,,BATTERY,OTHER,Primary BMU,BMU,BATTERY,,,
E_OLDHB-1,False,named_ispstack_id,E_OLDHB-1,OLDHB-1,Oldham BESS,,Field Oldham Ltd,FIELD,E,P,20.000,-20.000,0.0000456,_G,North Western,,,,,,,BATTERY,BATTERY,,
E_PETEM3,False,named_ispstack_id,E_PETEM3,PETEM3,Peterborough Power 3,OTHER,River Nene Power Limited,CENPB,E,C,49.227,-48.500,0.0048990,_A,Eastern,,,GAS,OTHER,Primary BMU,BMU,CCGT,,,
E_PGBARY,False,named_ispstack_id,E_PGBARY,PGBRY-1,E_PGBARY,,Peak Gen Top Co Limited,PEAKGEN,E,P,20.318,-0.500,0.0162928,_K,South Wales,,,DIESEL,OTHER,Primary BMU,BMU,DIESEL,,,
E_PGBRKL,False,named_ispstack_id,E_PGBRKL,PGBRK-1,E_PGBRKL,,Peak Gen Top Co Limited,PEAKGEN,E,P,20.000,-2.028,0.0160652,_H,Southern,,,DIESEL,OTHER,Primary BMU,BMU,DIESEL,,,
E_PGEXTR,False,named_ispstack_id,E_PGEXTR,PGEXT-1,E_PGEXTR,,Peak Gen Top Co Limited,PEAKGEN,E,P,20.439,-0.500,0.0181821,_L,South Western,,,DIESEL,OTHER,Primary BMU,BMU,DIESEL,,,
E_PGHVNT,False,named_ispstack_id,E_PGHVNT,PGHVT-1,E_PGHVNT,,Peak Gen Top Co Limited,PEAKGEN,E,P,20.000,-0.500,0.0160652,_H,Southern,,,DIESEL,OTHER,Primary BMU,BMU,DIESEL,,,
E_PILLB-1,False,named_ispstack_id,E_PILLB-1,PILLB-1,Pillswood 1 Battery Storage,,BP Gas Marketing Limited,BPGAS,E,P,49.900,-49.900,-0.0012435,_M,Yorkshire,,,BATTERY,OTHER,Primary BMU,BMU,BATTERY,,,
E_PILLB-2,False,named_ispstack_id,E_PILLB-2,PILLB-2,Pillswood 2 Battery Storage,,BP Gas Marketing Limited,BPGAS,E,P,49.900,-49.900,-0.0012435,_M,Yorkshire,,,,,,,BATTERY,BATTERY,,
E_POTES-1,False,named_ispstack_id,E_POTES-1,POTES-1,Port of Tyne Energy Storage,,Arenko Cleantech Limited,AG,E,C,35.000,-35.000,-0.0088231,_F,Northern,,,,,,,BATTERY,BATTERY,,
E_RAKE-1,False,named_ispstack_id,E_RAKE-1,RAKE-1,Rake Lane,,Conrad Energy (Trading) Ltd,CONRAD,E,C,20.000,-1.000,0.0000456,_G,North Western,,,,,,,DIESEL,DIESEL,,
E_RDFRB-1,False,named_ispstack_id,E_RDFRB-1,RDFRB-1,Redfield Road B,,Conrad Energy (Trading) Ltd,CONRAD,E,C,20.000,-1.000,0.0090174,_B,East Midlands,,,,,,,DIESEL,DIESEL,,
E_RDFRD-1,False,named_ispstack_id,E_RDFRD-1,RDFRD-1,Redfield Road,,Conrad Energy (Trading) Ltd,CONRAD,E,C,20.500,-1.000,0.0090174,_B,East Midlands,,,,,,,DIESEL,DIESEL,,
E_RDSCR-1,False,named_ispstack_id,E_RDSCR-1,RDSCR-1,Redscar,,Conrad Energy (Trading) Ltd,CONRAD,E,C,40.000,0.000,0.0000456,_G,North Western,,,,,,,DIESEL,DIESEL,,
E_RHEI-1,False,named_ispstack_id,E_RHEI-1,RHEI-4,E_RHEI-1,,Statkraft Markets Gmbh,STATKRA1,E,P,50.000,0.000,0.0071527,_D,Merseyside North Wales,,,NPSHYD,NPSHYD,Primary BMU,BMU,NPSHYD,,,
E_ROARB-1,False,named_ispstack_id,E_ROARB-1,ROARB-1,Roaring Hill BESS,OTHER,Tesla Motors Limited,TESLA,E,P,50.000,-50.000,-0.0119196,_N,South Scotland,,,BATTERY,OTHER,Primary BMU,BMU,BATTERY,,,
E_ROOSB-1,False,named_ispstack_id,E_ROOSB-1,ROOSB-1,Roosecote BESS,,CBS ENERGY STORAGE ASSETS LTD,REGPOWER,E,C,49.000,-49.000,0.0000456,_G,North Western,,,,,,,BATTERY,BATTERY,,
E_SHILB-1,False,named_ispstack_id,E_SHILB-1,SHILB-1,Shilton Lane BESS,OTHER,Octopus Energy Trading Limited,COPPER,E,C,40.000,-40.000,-0.0119196,_N,South Scotland,,,,,,,OTHER,,,
E_SHOS-1,False,named_ispstack_id,E_SHOS-1,SHOS-1,Shoreham Power Station,CCGT,VPI Power Limited,SPGEN01,E,P,460.000,-16.000,0.0085077,_J,South Eastern,,48W000000SHOS-1N,GAS,OTHER,Primary BMU,BMU,CCGT,,,
E_SKELB-1,False,named_ispstack_id,E_SKELB-1,SKELB-1,Skelmersdale Battery,,Tesla Motors Limited,TESLA,E,P,49.900,-50.642,0.0000456,_G,North Western,,,,,,,BATTERY,BATTERY,,
E_SOLUTIA,False,named_ispstack_id,E_SOLUTIA,SOLUU-1,Solutia Power Station,,UK Power Reserve Limited,UKPR,E,C,15.800,0.000,0.0162928,_K,South Wales,,,GAS,OTHER,Primary BMU,BMU,GAS,,,
E_SUDME-1,False,named_ispstack_id,E_SUDME-1,SUDME-1,Sudmeadow,,Conrad Energy (Trading) Ltd,CONRAD,E,C,40.000,-1.100,0.0169223,_E,Midlands,,,,,,,DIESEL,DIESEL,,
E_TAYL3G,False,named_ispstack_id,E_TAYL3G,TAYL3G,E_TAYL3G,OCGT,Uniper UK Limited,EECL,E,P,72.000,-2.300,0.0181639,_C,London,,48W000000TAYL3GV,OCGT,OCGT,Primary BMU,BMU,OCGT,,,
E_TDRVE-1,False,named_ispstack_id,E_TDRVE-1,TDRVE-1,The Drove,OTHER,Conrad Energy (Trading) Ltd,CONRAD,E,C,6.000,-5.916,0.0181821,_L,South Western,,,,,,,OTHER,,,
E_THMRB-1,False,named_ispstack_id,E_THMRB-1,THMRB-1,Thame Road  BESS,,Tesla Motors Limited,TESLA,E,P,49.500,-49.500,0.0048990,_A,Eastern,,,,,,,BATTERY,BATTERY,,
E_THRNL-1,False,named_ispstack_id,E_THRNL-1,THRNL-1,THORNHILL PS,,Whitetower Energy Limited,FDUN1,E,P,50.000,-6.000,-0.0012435,_M,Yorkshire,,,OCGT,OCGT,Primary BMU,BMU,OCGT,,,
E_TOLLB-1,False,named_ispstack_id,E_TOLLB-1,TOLLB-1,Tollgate Energy Storage,,Tollgate Energy Storage Ltd,TOLL,E,P,49.000,-50.481,0.0048990,_A,Eastern,,,,,,,BATTERY,BATTERY,,
E_TRFPK-1,False,named_ispstack_id,E_TRFPK-1,TRFPK-1,Trafalgar Park,,Conrad Energy (Trading) Ltd,CONRAD,E,C,14.000,-1.100,0.0090174,_B,East Midlands,,,,,,,DIESEL,DIESEL,,
E_VKING-2,False,named_ispstack_id,E_VKING-2,VKING-2,Viking,,Whitetower Energy Limited,FDUN1,E,P,50.000,-6.000,-0.0088231,_F,Northern,,,OCGT,OCGT,Primary BMU,BMU,OCGT,,,
E_WTRLN-1,False,named_ispstack_id,E_WTRLN-1,WTRLN-1,Water Lane,,Conrad Energy (Trading) Ltd,CONRAD,E,C,20.000,-1.000,0.0181821,_L,South Western,,,,,,,DIESEL,DIESEL,,
I_I2G-DSKC1,True,disbsad_energy_asset,I_I2G-DSKC1,,,,Danske Commodities A/S,DANSKE,I,,,,,,,,,,,,,INTERCONNECTOR,,,
I_I2G-ELEE1,True,disbsad_energy_asset,I_I2G-ELEE1,,,,Electrabel SA,ELECBEL,I,,,,,,,,,,,,,INTERCONNECTOR,,,
I_I2G-ELTR1,True,disbsad_energy_asset,I_I2G-ELTR1,,,,ElectroRoute Energy Trading,ELECTRO,I,,,,,,,,,,,,,INTERCONNECTOR,,,
I_I2G-INCM1,True,disbsad_energy_asset,I_I2G-INCM1,,,,IN COMMODITIES A/S,INCOMAS,I,,,,,,,,,,,,,INTERCONNECTOR,,,
I_I2G-NITR1,True,disbsad_energy_asset,I_I2G-NITR1,,,,Nitor Energy A/S,NIREX,I,,,,,,,,,,,,,INTERCONNECTOR,,,
I_IBG-BKWE1,True,disbsad_energy_asset,I_IBG-BKWE1,,,,BKW Energie AG,BKW,I,,,,,,,,,,,,,INTERCONNECTOR,,,
I_IBG-CACM1,True,disbsad_energy_asset,I_IBG-CACM1,,,,C A Commodities A/S,CACOMAS,I,,,,,,,,,,,,,INTERCONNECTOR,,,
I_IBG-COPN1,True,disbsad_energy_asset,I_IBG-COPN1,,,,Copenhagen Energy Trading A/S,CET1234,I,,,,,,,,,,,,,INTERCONNECTOR,,,
I_IBG-DARE1,True,disbsad_energy_asset,I_IBG-DARE1,,,,Dare Power Ltd,DARE,I,,,,,,,,,,,,,INTERCONNECTOR,,,
I_IBG-DSKC1,True,disbsad_energy_asset,I_IBG-DSKC1,,,,Danske Commodities A/S,DANSKE,I,,,,,,,,,,,,,INTERCONNECTOR,,,
I_IBG-DVAL1,True,disbsad_energy_asset,I_IBG-DVAL1,,,,DVALIN ApS,DVALIN,I,,,,,,,,,,,,,INTERCONNECTOR,,,
I_IBG-EDFT1,True,disbsad_energy_asset,I_IBG-EDFT1,,,,EDF TRADING LIMITED,EDFT,I,,,,,,,,,,,,,INTERCONNECTOR,,,
I_IBG-ELEE1,True,disbsad_energy_asset,I_IBG-ELEE1,,,,Electrabel SA,ELECBEL,I,,,,,,,,,,,,,INTERCONNECTOR,,,
I_IBG-ELTR1,True,disbsad_energy_asset,I_IBG-ELTR1,,,,ElectroRoute Energy Trading,ELECTRO,I,,,,,,,,,,,,,INTERCONNECTOR,,,
I_IBG-EZCO1,True,disbsad_energy_asset,I_IBG-EZCO1,,,,ENZEE Commodities A/S,ENZEE,I,,,,,,,,,,,,,INTERCONNECTOR,,,
I_IBG-HELI1,True,disbsad_energy_asset,I_IBG-HELI1,,,,Helios Power Trading A/S,HELIOS,I,,,,,,,,,,,,,INTERCONNECTOR,,,
I_IBG-INCM1,True,disbsad_energy_asset,I_IBG-INCM1,,,,IN COMMODITIES A/S,INCOMAS,I,,,,,,,,,,,,,INTERCONNECTOR,,,
I_IBG-MFTE1,True,disbsad_energy_asset,I_IBG-MFTE1,,,,MFT Energy A/S,MFTE,I,,,,,,,,,,,,,INTERCONNECTOR,,,
I_IBG-NEAS1,True,disbsad_energy_asset,I_IBG-NEAS1,,,,Centrica Energy Trading A/S,NEAS,I,,,,,,,,,,,,,INTERCONNECTOR,,,
I_IBG-NEHO1,True,disbsad_energy_asset,I_IBG-NEHO1,,,,Nordic Energy House ApS,NEH,I,,,,,,,,,,,,,INTERCONNECTOR,,,
I_IBG-NITR1,True,disbsad_energy_asset,I_IBG-NITR1,,,,Nitor Energy A/S,NIREX,I,,,,,,,,,,,,,INTERCONNECTOR,,,
I_IBG-NORL1,True,disbsad_energy_asset,I_IBG-NORL1,,,,Norlys Energy Trading A/S,NORLYS,I,,,,,,,,,,,,,INTERCONNECTOR,,,
I_IBG-NTPL1,True,disbsad_energy_asset,I_IBG-NTPL1,,,,Northpool BV,NORTHPL,I,,,,,,,,,,,,,INTERCONNECTOR,,,
I_IBG-PWMR1,True,disbsad_energy_asset,I_IBG-PWMR1,,,,PowerMart ApS,POMA,I,,,,,,,,,,,,,INTERCONNECTOR,,,
I_IBG-QUEN1,True,disbsad_energy_asset,I_IBG-QUEN1,,,,QUENT ApS,QUENT,I,,,,,,,,,,,,,INTERCONNECTOR,,,
I_IBG-TRLS1,True,disbsad_energy_asset,I_IBG-TRLS1,,,,Engelhart CTP Renewables GmbH,GREENPWR,I,,,,,,,,,,,,,INTERCONNECTOR,,,
I_IBG-VOLT1,True,disbsad_energy_asset,I_IBG-VOLT1,,,,Volta Energy DAC,VOLTADAC,I,,,,,,,,,,,,,INTERCONNECTOR,,,
I_IBG-XNON1,True,disbsad_energy_asset,I_IBG-XNON1,,,,XENON CAPITAL MARKETS LTD,XENON,I,,,,,,,,,,,,,INTERCONNECTOR,,,
I_IFG-ATLS1,True,disbsad_energy_asset,I_IFG-ATLS1,,,,Atlas Energy DAC,AED75443,I,,,,,,,,,,,,,INTERCONNECTOR,,,
I_IFG-COPN1,True,disbsad_energy_asset,I_IFG-COPN1,,,,Copenhagen Energy Trading A/S,CET1234,I,,,,,,,,,,,,,INTERCONNECTOR,,,
I_IFG-DSKC1,True,disbsad_energy_asset,I_IFG-DSKC1,,,,Danske Commodities A/S,DANSKE,I,,,,,,,,,,,,,INTERCONNECTOR,,,
I_IFG-EDFT1,True,disbsad_energy_asset,I_IFG-EDFT1,,,,EDF TRADING LIMITED,EDFT,I,,,,,,,,,,,,,INTERCONNECTOR,,,
I_IFG-ELEE1,True,disbsad_energy_asset,I_IFG-ELEE1,,,,Electrabel SA,ELECBEL,I,,,,,,,,,,,,,INTERCONNECTOR,,,
I_IFG-ELTR1,True,disbsad_energy_asset,I_IFG-ELTR1,,,,ElectroRoute Energy Trading,ELECTRO,I,,,,,,,,,,,,,INTERCONNECTOR,,,
I_IFG-INCM1,True,disbsad_energy_asset,I_IFG-INCM1,,,,IN COMMODITIES A/S,INCOMAS,I,,,,,,,,,,,,,INTERCONNECTOR,,,
I_IFG-NEAS1,True,disbsad_energy_asset,I_IFG-NEAS1,,,,Centrica Energy Trading A/S,NEAS,I,,,,,,,,,,,,,INTERCONNECTOR,,,
I_IFG-NITR1,True,disbsad_energy_asset,I_IFG-NITR1,,,,Nitor Energy A/S,NIREX,I,,,,,,,,,,,,,INTERCONNECTOR,,,
I_IFG-NORL1,True,disbsad_energy_asset,I_IFG-NORL1,,,,Norlys Energy Trading A/S,NORLYS,I,,,,,,,,,,,,,INTERCONNECTOR,,,
I_IFG-OUTL1,True,disbsad_energy_asset,I_IFG-OUTL1,,,,Outlook Energy Ltd,OUTLOOK,I,,,,,,,,,,,,,INTERCONNECTOR,,,
I_IFG-PWMR1,True,disbsad_energy_asset,I_IFG-PWMR1,,,,PowerMart ApS,POMA,I,,,,,,,,,,,,,INTERCONNECTOR,,,
I_ILG-DSKC1,True,disbsad_energy_asset,I_ILG-DSKC1,,,,Danske Commodities A/S,DANSKE,I,,,,,,,,,,,,,INTERCONNECTOR,,,
I_ILG-INCM1,True,disbsad_energy_asset,I_ILG-INCM1,,,,IN COMMODITIES A/S,INCOMAS,I,,,,,,,,,,,,,INTERCONNECTOR,,,
I_ILG-MFTE1,True,disbsad_energy_asset,I_ILG-MFTE1,,,,MFT Energy A/S,MFTE,I,,,,,,,,,,,,,INTERCONNECTOR,,,
I_ILG-NEAS1,True,disbsad_energy_asset,I_ILG-NEAS1,,,,Centrica Energy Trading A/S,NEAS,I,,,,,,,,,,,,,INTERCONNECTOR,,,
I_ILG-OUTL1,True,disbsad_energy_asset,I_ILG-OUTL1,,,,Outlook Energy Ltd,OUTLOOK,I,,,,,,,,,,,,,INTERCONNECTOR,,,
I_ING-ATLS1,True,disbsad_energy_asset,I_ING-ATLS1,,,,Atlas Energy DAC,AED75443,I,,,,,,,,,,,,,INTERCONNECTOR,,,
I_ING-BKWE1,True,disbsad_energy_asset,I_ING-BKWE1,,,,BKW Energie AG,BKW,I,,,,,,,,,,,,,INTERCONNECTOR,,,
I_ING-CACM1,True,disbsad_energy_asset,I_ING-CACM1,,,,C A Commodities A/S,CACOMAS,I,,,,,,,,,,,,,INTERCONNECTOR,,,
I_ING-COPN1,True,disbsad_energy_asset,I_ING-COPN1,,,,Copenhagen Energy Trading A/S,CET1234,I,,,,,,,,,,,,,INTERCONNECTOR,,,
I_ING-DSKC1,True,disbsad_energy_asset,I_ING-DSKC1,,,,Danske Commodities A/S,DANSKE,I,,,,,,,,,,,,,INTERCONNECTOR,,,
I_ING-ELTR1,True,disbsad_energy_asset,I_ING-ELTR1,,,,ElectroRoute Energy Trading,ELECTRO,I,,,,,,,,,,,,,INTERCONNECTOR,,,
I_ING-EZCO1,True,disbsad_energy_asset,I_ING-EZCO1,,,,ENZEE Commodities A/S,ENZEE,I,,,,,,,,,,,,,INTERCONNECTOR,,,
I_ING-HELI1,True,disbsad_energy_asset,I_ING-HELI1,,,,Helios Power Trading A/S,HELIOS,I,,,,,,,,,,,,,INTERCONNECTOR,,,
I_ING-INCM1,True,disbsad_energy_asset,I_ING-INCM1,,,,IN COMMODITIES A/S,INCOMAS,I,,,,,,,,,,,,,INTERCONNECTOR,,,
I_ING-MFTE1,True,disbsad_energy_asset,I_ING-MFTE1,,,,MFT Energy A/S,MFTE,I,,,,,,,,,,,,,INTERCONNECTOR,,,
I_ING-NEAS1,True,disbsad_energy_asset,I_ING-NEAS1,,,,Centrica Energy Trading A/S,NEAS,I,,,,,,,,,,,,,INTERCONNECTOR,,,
I_ING-NITR1,True,disbsad_energy_asset,I_ING-NITR1,,,,Nitor Energy A/S,NIREX,I,,,,,,,,,,,,,INTERCONNECTOR,,,
I_ING-NORL1,True,disbsad_energy_asset,I_ING-NORL1,,,,Norlys Energy Trading A/S,NORLYS,I,,,,,,,,,,,,,INTERCONNECTOR,,,
I_ING-NTPL1,True,disbsad_energy_asset,I_ING-NTPL1,,,,Northpool BV,NORTHPL,I,,,,,,,,,,,,,INTERCONNECTOR,,,
I_ING-OUTL1,True,disbsad_energy_asset,I_ING-OUTL1,,,,Outlook Energy Ltd,OUTLOOK,I,,,,,,,,,,,,,INTERCONNECTOR,,,
I_ING-PWMR1,True,disbsad_energy_asset,I_ING-PWMR1,,,,PowerMart ApS,POMA,I,,,,,,,,,,,,,INTERCONNECTOR,,,
I_ING-VOLT1,True,disbsad_energy_asset,I_ING-VOLT1,,,,Volta Energy DAC,VOLTADAC,I,,,,,,,,,,,,,INTERCONNECTOR,,,
I_IVG-ATLS1,True,disbsad_energy_asset,I_IVG-ATLS1,,,,Atlas Energy DAC,AED75443,I,,,,,,,,,,,,,INTERCONNECTOR,,,
I_IVG-COPN1,True,disbsad_energy_asset,I_IVG-COPN1,,,,Copenhagen Energy Trading A/S,CET1234,I,,,,,,,,,,,,,INTERCONNECTOR,,,
I_IVG-DSKC1,True,disbsad_energy_asset,I_IVG-DSKC1,,,,Danske Commodities A/S,DANSKE,I,,,,,,,,,,,,,INTERCONNECTOR,,,
I_IVG-DVAL1,True,disbsad_energy_asset,I_IVG-DVAL1,,,,DVALIN ApS,DVALIN,I,,,,,,,,,,,,,INTERCONNECTOR,,,
I_IVG-EZCO1,True,disbsad_energy_asset,I_IVG-EZCO1,,,,ENZEE Commodities A/S,ENZEE,I,,,,,,,,,,,,,INTERCONNECTOR,,,
I_IVG-HELI1,True,disbsad_energy_asset,I_IVG-HELI1,,,,Helios Power Trading A/S,HELIOS,I,,,,,,,,,,,,,INTERCONNECTOR,,,
I_IVG-INCM1,True,disbsad_energy_asset,I_IVG-INCM1,,,,IN COMMODITIES A/S,INCOMAS,I,,,,,,,,,,,,,INTERCONNECTOR,,,
I_IVG-MFTE1,True,disbsad_energy_asset,I_IVG-MFTE1,,,,MFT Energy A/S,MFTE,I,,,,,,,,,,,,,INTERCONNECTOR,,,
I_IVG-NEAS1,True,disbsad_energy_asset,I_IVG-NEAS1,,,,Centrica Energy Trading A/S,NEAS,I,,,,,,,,,,,,,INTERCONNECTOR,,,
I_IVG-NITR1,True,disbsad_energy_asset,I_IVG-NITR1,,,,Nitor Energy A/S,NIREX,I,,,,,,,,,,,,,INTERCONNECTOR,,,
I_IVG-NORL1,True,disbsad_energy_asset,I_IVG-NORL1,,,,Norlys Energy Trading A/S,NORLYS,I,,,,,,,,,,,,,INTERCONNECTOR,,,
I_IVG-NTPL1,True,disbsad_energy_asset,I_IVG-NTPL1,,,,Northpool BV,NORTHPL,I,,,,,,,,,,,,,INTERCONNECTOR,,,
I_IVG-OUTL1,True,disbsad_energy_asset,I_IVG-OUTL1,,,,Outlook Energy Ltd,OUTLOOK,I,,,,,,,,,,,,,INTERCONNECTOR,,,
I_IVG-PWMR1,True,disbsad_energy_asset,I_IVG-PWMR1,,,,PowerMart ApS,POMA,I,,,,,,,,,,,,,INTERCONNECTOR,,,
I_IVG-TRLS1,True,disbsad_energy_asset,I_IVG-TRLS1,,,,Engelhart CTP Renewables GmbH,GREENPWR,I,,,,,,,,,,,,,INTERCONNECTOR,,,
M_CAS-CON01,False,named_ispstack_id,M_CAS-CON01,CAS-CON01,Conon Cascade,NPSHYD,SSE Generation Ltd,SSEGEN,T,P,95.226,-1.846,-0.0323359,,,,48W000CAS-CON01O,NPSHYD,NPSHYD,Primary BMU,BMU,NPSHYD,,,
M_CAS-GAR01,False,named_ispstack_id,M_CAS-GAR01,CAS-GAR01,Garry Cascade,NPSHYD,SSE Generation Ltd,SSEGEN,T,P,40.000,-17.270,-0.0323359,,,,48W000CAS-GAR01H,NPSHYD,NPSHYD,Primary BMU,BMU,NPSHYD,,,
M_CAS-MOR01,False,named_ispstack_id,M_CAS-MOR01,CAS-MOR01,Moriston Cascade,NPSHYD,SSE Generation Ltd,SSEGEN,T,P,74.000,0.000,-0.0323359,,,,48W000CAS-MOR01M,NPSHYD,NPSHYD,Primary BMU,BMU,NPSHYD,,,
M_SLOY-1,False,named_ispstack_id,M_SLOY-1,SLOY-1,Sloy G1,NPSHYD,SSE Generation Ltd,SSEGEN,T,P,50.000,-0.118,-0.0323359,,,,48W000000SLOY-1C,NPSHYD,NPSHYD,Primary BMU,BMU,NPSHYD,,,
T_BDCHW-1,False,named_ispstack_id,T_BDCHW-1,BDCHW-1,Bad a Cheo Wind Farm,WIND,RWE Generation UK plc,INNOGY01,T,P,270.000,-1.000,-0.0323359,,,,,WIND,WIND,Primary BMU,BMU,WIND,,,
T_BHLAW-1,False,named_ispstack_id,T_BHLAW-1,BHLAW-1,Bhlaraidh Windfarm 1,WIND,SSE Generation Ltd,SSEGEN,T,P,108.000,-2.000,-0.0323359,,,,48W00000BHLAW-15,WIND,WIND,Primary BMU,BMU,WIND,,,
T_BLHLB-1,False,named_ispstack_id,T_BLHLB-1,BLHLB-1,T_BLHLB-1,OTHER,ZENOBE BLACKHILLOCK LIMITED,ZENOBE4,T,C,50.000,-51.040,-0.0323359,,,,,BATTERY,OTHER,Primary BMU,BMU,BATTERY,,,
T_BLHLB-2,False,named_ispstack_id,T_BLHLB-2,BLHLB-2,T_BLHLB-2,OTHER,ZENOBE BLACKHILLOCK LIMITED,ZENOBE4,T,C,50.420,-51.040,-0.0323359,,,,,BATTERY,OTHER,Primary BMU,BMU,BATTERY,,,
T_BLHLB-3,False,named_ispstack_id,T_BLHLB-3,BLHLB-3,T_BLHLB-3,OTHER,ZENOBE BLACKHILLOCK LIMITED,ZENOBE4,T,C,54.000,-54.000,-0.0323359,,,,,BATTERY,OTHER,Primary BMU,BMU,BATTERY,,,
T_BLHLB-4,False,named_ispstack_id,T_BLHLB-4,BLHLB-4,T_BLHLB-4,OTHER,ZENOBE BLACKHILLOCK LIMITED,ZENOBE4,T,C,54.420,-54.820,-0.0323359,,,,,,,,,OTHER,,,
T_BOWLW-1,False,named_ispstack_id,T_BOWLW-1,BOWLW-1,Barrow Offshore Wind,WIND,Barrow Offshore Wind Limited,DONG009,T,P,90.000,-2.000,0.0000456,,,,48W00000BOWLW-1K,WIND,WIND,Primary BMU,BMU,WIND,,,
T_BREDB-1,False,named_ispstack_id,T_BREDB-1,BREDB-1,BREDBURY BESS,,Pivoted Power LLP,PIVOT,T,C,49.900,-57.000,0.0000456,,,,,BATTERY,OTHER,Primary BMU,BMU,BATTERY,,,
T_BUSTB-1,False,named_ispstack_id,T_BUSTB-1,BUSTB-1,Pivot Power Bustleholme,,Pivoted Power LLP,PIVOT,T,C,52.237,-57.000,0.0169223,,,,,,,,,BATTERY,BATTERY,,
T_CARR-1,False,named_ispstack_id,T_CARR-1,CARR-1,Carrington Power Ltd - Unit 1,CCGT,Carrington Power Ltd,CARRINGT,T,P,470.000,-10.000,0.0071527,,,,48W000000CARR-1I,CCGT,CCGT,Primary BMU,BMU,CCGT,,,
T_CARR-2,False,named_ispstack_id,T_CARR-2,CARR-2,Carrington Power Ltd - Unit 2,CCGT,Carrington Power Ltd,CARRINGT,T,P,470.000,-11.400,0.0071527,,,,48W000000CARR-2G,CCGT,CCGT,Primary BMU,BMU,CCGT,,,
T_CDCL-1,False,named_ispstack_id,T_CDCL-1,CDCL-1,T_CDCL-1,CCGT,Uniper UK Limited,EECL,T,P,445.000,-12.000,0.0090174,,,,48W000000CDCL-1P,CCGT,OTHER,Primary BMU,BMU,CCGT,,,
T_CLDCW-1,False,named_ispstack_id,T_CLDCW-1,CLDCW-1,Clyde Central,WIND,Clyde Windfarm (Scotland) Ltd,CWSL,T,P,200.000,-5.000,-0.0119196,,,,48W00000CLDCW-17,WIND,WIND,Primary BMU,BMU,WIND,,,
T_CLDNW-1,False,named_ispstack_id,T_CLDNW-1,CLDNW-1,Clyde North,WIND,Clyde Windfarm (Scotland) Ltd,CWSL,T,P,200.000,-5.000,-0.0119196,,,,48W00000CLDNW-1Q,WIND,WIND,Primary BMU,BMU,WIND,,,
T_CLDSW-1,False,named_ispstack_id,T_CLDSW-1,CLDSW-1,Clyde South,WIND,Clyde Windfarm (Scotland) Ltd,CWSL,T,P,150.000,-5.000,-0.0119196,,,,48W00000CLDSW-11,WIND,WIND,Primary BMU,BMU,WIND,,,
T_CNQPS-2,False,named_ispstack_id,T_CNQPS-2,CNQPS-2,T_CNQPS-2,CCGT,Uniper UK Limited,EECL,T,C,352.000,-20.000,0.0071527,,,,48W00000CNQPS-2C,GAS,OTHER,Primary BMU,BMU,CCGT,,,
T_CNQPS-3,False,named_ispstack_id,T_CNQPS-3,CNQPS-3,T_CNQPS-3,CCGT,Uniper UK Limited,EECL,T,C,352.000,-20.000,0.0071527,,,,48W00000CNQPS-3A,GAS,OTHER,Primary BMU,BMU,CCGT,,,
T_CNQPS-4,False,named_ispstack_id,T_CNQPS-4,CNQPS-4,T_CNQPS-4,CCGT,Uniper UK Limited,EECL,T,C,352.000,-20.000,0.0071527,,,,48W00000CNQPS-48,GAS,OTHER,Primary BMU,BMU,CCGT,,,
T_COSO-1,False,named_ispstack_id,T_COSO-1,COSO-1,Coryton Power Station,CCGT,Coryton Energy Company Ltd,CECL,T,C,856.186,-152.986,0.0048990,,,,48W000000COSO-1F,GAS,OTHER,Primary BMU,BMU,CCGT,,,
T_COVNB-1,False,named_ispstack_id,T_COVNB-1,COVNB-1,Pivot Power Coventry,OTHER,Pivoted Power LLP,PIVOT,T,C,50.449,-58.257,0.0090174,,,,,,,,,OTHER,,,
T_COWB-1,False,named_ispstack_id,T_COWB-1,COWB-1,Cowley,OTHER,Pivoted Power LLP,PIVOT,T,C,50.431,-50.107,0.0160652,,,,,,,,,OTHER,,,
T_DAMC-1,False,named_ispstack_id,T_DAMC-1,DAMC-1,Damhead Creek Ltd.,CCGT,VPI Power Limited,SPGEN01,T,P,820.000,-12.000,0.0085077,,,,48W000000DAMC-1M,GAS,OTHER,Primary BMU,BMU,CCGT,,,
T_DIDCB5,False,named_ispstack_id,T_DIDCB5,DIDCB5,Didcot B main unit 5,CCGT,RWE Generation UK plc,INNOGY01,T,C,770.000,-10.000,0.0160652,,,,48W000000DIDCB5C,GAS,CCGT,Primary BMU,BMU,CCGT,,,
T_DIDCB6,False,named_ispstack_id,T_DIDCB6,DIDCB6,Didcot B main unit 6,CCGT,RWE Generation UK plc,INNOGY01,T,C,720.000,-10.000,0.0160652,,,,48W000000DIDCB6A,GAS,CCGT,Primary BMU,BMU,CCGT,,,
T_DINO-1,False,named_ispstack_id,T_DINO-1,DINO-1,Dinorwig 1,PS,First Hydro Company,FSTHYDRO,T,P,320.000,-303.200,0.0071527,,,,48W000000DINO-1W,PS,PS,Primary BMU,BMU,PS,,,
T_DINO-2,False,named_ispstack_id,T_DINO-2,DINO-2,Dinorwig 2,PS,First Hydro Company,FSTHYDRO,T,P,320.000,-294.000,0.0071527,,,,48W000000DINO-2U,PS,PS,Primary BMU,BMU,PS,,,
T_DINO-5,False,named_ispstack_id,T_DINO-5,DINO-5,Dinorwig 5,PS,First Hydro Company,FSTHYDRO,T,P,320.000,-299.000,0.0071527,,,,48W000000DINO-5O,PS,PS,Primary BMU,BMU,PS,,,
T_DINO-6,False,named_ispstack_id,T_DINO-6,DINO-6,Dinorwig 6,PS,First Hydro Company,FSTHYDRO,T,P,320.000,-294.000,0.0071527,,,,48W000000DINO-6M,PS,PS,Primary BMU,BMU,PS,,,
T_DRAXX-2,False,named_ispstack_id,T_DRAXX-2,DRAXX-2,T_DRAXX-2,BIOMASS,Drax Power Ltd,DRAX,T,C,669.400,-25.260,-0.0012435,,,,48W00000DRAXX-2C,BIOMASS,BIOMASS,Primary BMU,BMU,BIOMASS,,,
T_DRAXX-3,False,named_ispstack_id,T_DRAXX-3,DRAXX-3,T_DRAXX-3,BIOMASS,Drax Power Ltd,DRAX,T,C,661.400,-32.241,-0.0012435,,,,48W00000DRAXX-3A,BIOMASS,BIOMASS,Primary BMU,BMU,BIOMASS,,,
T_DRAXX-4,False,named_ispstack_id,T_DRAXX-4,DRAXX-4,T_DRAXX-4,BIOMASS,Drax Power Ltd,DRAX,T,C,645.000,-32.480,-0.0012435,,,,48W00000DRAXX-48,BIOMASS,BIOMASS,Primary BMU,BMU,BIOMASS,,,
T_FASN-1,False,named_ispstack_id,T_FASN-1,FASN-1,Fasnakyle G1,NPSHYD,SSE Generation Ltd,SSEGEN,T,P,23.040,-0.020,-0.0323359,,,,48W000000FASN-18,NPSHYD,NPSHYD,Primary BMU,BMU,NPSHYD,,,
T_FASN-2,False,named_ispstack_id,T_FASN-2,FASN2,Fasnakyle  G2,NPSHYD,SSE Generation Ltd,SSEGEN,T,P,23.280,-0.022,-0.0323359,,,,48W0000000FASN25,,,,,NPSHYD,,,
T_FFES-1,False,named_ispstack_id,T_FFES-1,FFES-1,Ffestioniog 1,PS,First Hydro Company,FSTHYDRO,T,C,91.033,-75.000,0.0071527,,,,48W000000FFES-1S,PS,PS,Primary BMU,BMU,PS,,,
T_FFES-2,False,named_ispstack_id,T_FFES-2,FFES-2,Ffestioniog 2,PS,First Hydro Company,FSTHYDRO,T,C,91.875,-75.000,0.0071527,,,,48W000000FFES-2Q,PS,PS,Primary BMU,BMU,PS,,,
T_FOYE-1,False,named_ispstack_id,T_FOYE-1,FOYE-1,Foyers G1,PS,SSE Generation Ltd,SSEGEN,T,P,160.000,-156.000,-0.0323359,,,,48W000000FOYE-14,,,,,PS,,,
T_FOYE-2,False,named_ispstack_id,T_FOYE-2,FOYE-2,Foyers G2,PS,SSE Generation Ltd,SSEGEN,T,P,160.000,-157.300,-0.0323359,,,,48W000000FOYE-22,,,,,PS,,,
T_GLNDO-1,False,named_ispstack_id,T_GLNDO-1,GLNDO-1,Glendoe Generator 1,NPSHYD,SSE Generation Ltd,SSEGEN,T,P,100.000,-1.124,-0.0323359,,,,48W00000GLNDO-1G,NPSHYD,NPSHYD,Primary BMU,BMU,NPSHYD,,,
T_GORDW-1,False,named_ispstack_id,T_GORDW-1,GORDW-1,Gordon Bush,WIND,SSE Generation Ltd,SSEGEN,T,P,86.764,-31.650,-0.0323359,,,,48W00000GORDW-1D,WIND,WIND,Primary BMU,BMU,WIND,,,
T_GRAI-6,False,named_ispstack_id,T_GRAI-6,GRAI-6,T_GRAI-6,CCGT,Uniper UK Limited,EECL,T,C,468.000,-14.000,0.0085077,,,,48W100000GRAI-6N,GAS,OTHER,Primary BMU,BMU,CCGT,,,
T_GRAI-7,False,named_ispstack_id,T_GRAI-7,GRAI-7,T_GRAI-7,CCGT,Uniper UK Limited,EECL,T,C,468.000,-14.000,0.0085077,,,,48W000000GRAI-7Y,GAS,OTHER,Primary BMU,BMU,CCGT,,,
T_GRAI-8,False,named_ispstack_id,T_GRAI-8,GRAI-8,T_GRAI-8,CCGT,Uniper UK Limited,EECL,T,C,468.000,-14.000,0.0085077,,,,48W000000GRAI-8W,GAS,OTHER,Primary BMU,BMU,CCGT,,,
T_HOWBO-1,False,named_ispstack_id,T_HOWBO-1,HOWBO-1,HORNSEA_WF_2A,WIND,Breesea Limited,ORSTED01,T,P,440.000,-8.741,-0.0012435,,,,48W00000HOWBO-3H,WIND,WIND,Primary BMU,BMU,WIND,,,
T_HOWBO-2,False,named_ispstack_id,T_HOWBO-2,HOWBO-2,HORNSEA_WF_2B,WIND,Sonningmay Wind Limited,ORSTED02,T,P,440.000,-5.805,-0.0012435,,,,48W00000HOWBO-2F,WIND,WIND,Primary BMU,BMU,WIND,,,
T_HOWBO-3,False,named_ispstack_id,T_HOWBO-3,HOWBO-3,HORNSEA_WF_2C,WIND,Soundmark Wind Limited,ORSTED03,T,P,440.000,-5.346,-0.0012435,,,,48W00000HOWBO-3D,WIND,WIND,Primary BMU,BMU,WIND,,,
T_HRSTB-1,False,named_ispstack_id,T_HRSTB-1,HRSTB-1,T_HRSTB-1,,SP Renewables (UK) Limited,SPCRE01,T,C,52.000,-52.000,-0.0119196,,,,48W00000HRSTB-1J,BATTERY,OTHER,Primary BMU,BMU,BATTERY,,,
T_HUMR-1,False,named_ispstack_id,T_HUMR-1,HUMR-1,HUMR-1,CCGT,VPI Immingham LLP,ICHPLLP,T,C,1283.000,-30.000,-0.0012435,,,,48W100000HUMR-1N,,,,,CCGT,,,
T_HUMR-2,False,named_ispstack_id,T_HUMR-2,HUMR-2,HUMR-2,,VPI Immingham Energy Park A,EPALTD,T,P,50.000,-8.360,-0.0012435,,,,48W000000HUMR-2Y,,,,,OTHER,,,
T_KEAD-1,False,named_ispstack_id,T_KEAD-1,KEAD-1,KGL CCGT 1,CCGT,Keadby Generation Limited,KGL,T,P,764.000,-11.000,-0.0012435,,,,48W000000KEAD-15,GAS,CCGT,Primary BMU,BMU,CCGT,,,
T_KEAD-2,False,named_ispstack_id,T_KEAD-2,KEAD-2,Keadby-2 Main,CCGT,Keadby Generation Limited,KGL,T,P,890.000,-20.000,-0.0012435,,,,48W000000KEAD-23,CCGT,CCGT,Primary BMU,BMU,CCGT,,,
T_KEMB-1,False,named_ispstack_id,T_KEMB-1,KEMB-1,Pivot Power Kemsley,,EDF Energy Customers Limited,LENCO,T,C,35.468,-46.510,0.0085077,,,,,,,,,LOAD RESPONSE,LOAD RESPONSE,,
T_KENNW-1,False,named_ispstack_id,T_KENNW-1,KENNW-1,Kennoxhead Wind Farm,WIND,Kennoxhead Wind Farm Limited,KENX01,T,P,60.000,-0.100,-0.0119196,,,,,,,,,WIND,,,
T_KILLPG-1,False,named_ispstack_id,T_KILLPG-1,KILLPG-1,T_KILLPG-1,CCGT,Uniper UK Limited,EECL,T,C,311.000,-14.000,-0.0012435,,,,48W0000KILLPG-1Q,GAS,OTHER,Primary BMU,BMU,CCGT,,,
T_KILLPG-2,False,named_ispstack_id,T_KILLPG-2,KILLPG-2,T_KILLPG-2,CCGT,Uniper UK Limited,EECL,T,C,316.000,-6.000,-0.0012435,,,,48W0000KILLPG-2O,GAS,OTHER,Primary BMU,BMU,CCGT,,,
T_KILSB-1,False,named_ispstack_id,T_KILSB-1,KILSB-1,T_KILSB-1,,ZENOBE KILMARNOCK SOUTH LTD,ZENOBE5,T,C,52.952,-53.972,-0.0119196,,,,,BATTERY,OTHER,Primary BMU,BMU,BATTERY,,,
T_KILSB-2,False,named_ispstack_id,T_KILSB-2,KILSB-2,T_KILSB-2,,ZENOBE KILMARNOCK SOUTH LTD,ZENOBE5,T,C,51.894,-50.878,-0.0119196,,,,,BATTERY,OTHER,Primary BMU,BMU,BATTERY,,,
T_KILSB-3,False,named_ispstack_id,T_KILSB-3,KILSB-3,T_KILSB-3,,ZENOBE KILMARNOCK SOUTH LTD,ZENOBE5,T,C,53.734,-53.610,-0.0119196,,,,,BATTERY,OTHER,Primary BMU,BMU,BATTERY,,,
T_KILSB-5,False,named_ispstack_id,T_KILSB-5,KILSB-5,T_KILSB-5,,ZENOBE KILMARNOCK SOUTH LTD,ZENOBE5,T,C,50.856,-50.412,-0.0119196,,,,,BATTERY,OTHER,Primary BMU,BMU,BATTERY,,,
T_KILSB-6,False,named_ispstack_id,T_KILSB-6,KILSB-6,T_KILSB-6,,ZENOBE KILMARNOCK SOUTH LTD,ZENOBE5,T,C,51.226,-51.590,-0.0119196,,,,,BATTERY,OTHER,Primary BMU,BMU,BATTERY,,,
T_KPMRW-1,False,named_ispstack_id,T_KPMRW-1,KPMRW-1,KYPE MUIR WIND FARM,WIND,OnPath Energy Limited,BANKSREN,T,P,89.000,-2.000,-0.0119196,,,,,WIND,WIND,Primary BMU,BMU,WIND,,,
T_LAGA-1,False,named_ispstack_id,T_LAGA-1,LAGA-1,Langage Power Station,CCGT,EP UK INVESTMENTS LIMITED,EPUKI,T,P,905.000,-30.000,0.0181821,,,,48W000000LAGA-14,GAS,OTHER,Primary BMU,BMU,CCGT,,,
T_LARKB-1,False,named_ispstack_id,T_LARKB-1,LARKB-1,Larks Green Battery Storage,OTHER,EDF Energy Customers Limited,LENCO,T,C,52.000,-52.000,0.0181821,,,,48W00000LARKB-19,,,,,OTHER,,,
T_LBAR-1,False,named_ispstack_id,T_LBAR-1,LBAR-1,Little Barford main unit 1,CCGT,RWE Generation UK plc,INNOGY01,T,P,750.000,-20.000,0.0048990,,,,48W000000LBAR-1Y,GAS,CCGT,Primary BMU,BMU,CCGT,,,
T_LKSDB-1,False,named_ispstack_id,T_LKSDB-1,LKSDB-1,Lakeside  BESS,OTHER,Lakeside Energy Storage Ltd,LAKESIDE,T,P,105.000,-99.900,-0.0012435,,,,48W00000LKSDB-15,,,,,OTHER,,,
T_MEDP-1,False,named_ispstack_id,T_MEDP-1,MEDP-1,Medway Power,CCGT,Medway Power Ltd,MEDWAY,T,P,750.000,-20.000,0.0085077,,,,48W000000MEDP-12,GAS,CCGT,Primary BMU,BMU,CCGT,,,
T_MIDMW-1,False,named_ispstack_id,T_MIDMW-1,MIDMW-1,MIDDLE MUIR WIND FARM,WIND,OnPath Energy Limited,BANKSREN,T,P,51.000,-1.000,-0.0119196,,,,48W00000MIDMW-19,WIND,WIND,Primary BMU,BMU,WIND,,,
T_MKFRB-1,False,named_ispstack_id,T_MKFRB-1,MKFRB-1,Monk Fryston,,HD777FRY Ltd,CESMON01,T,P,57.000,-57.000,-0.0012435,,,,48W00000MKFRB-15,BATTERY,OTHER,Primary BMU,BMU,BATTERY,,,
T_MOWEO-1,False,named_ispstack_id,T_MOWEO-1,MOWEO-1,Moray East OWF1,WIND,Moray Offshore Wind East Ltd,MOWEL,T,P,300.000,-4.089,-0.0323359,,,,48W000000MOWEO11,,,,,WIND,,,
T_MOWEO-2,False,named_ispstack_id,T_MOWEO-2,MOWEO-2,Moray East OWF2,WIND,Moray Offshore Wind East Ltd,MOWEL,T,P,300.000,-5.304,-0.0323359,,,,48W00000MOWEO-2Y,,,,,WIND,,,
T_MOWEO-3,False,named_ispstack_id,T_MOWEO-3,MOWEO-3,Moray East OWF3,WIND,Moray Offshore Wind East Ltd,MOWEL,T,P,300.000,-3.304,-0.0323359,,,,48W00000MOWEO-3W,,,,,WIND,,,
T_MRWD-1,False,named_ispstack_id,T_MRWD-1,MRWD-1,Marchwood Power Ltd,CCGT,Marchwood Power Limited,MPL,T,P,920.000,-15.000,0.0160652,,,,48W000000MRWD-1P,GAS,OTHER,Primary BMU,BMU,CCGT,,,
T_NURSB-1,False,named_ispstack_id,T_NURSB-1,NURSB-1,Nursling Battery Storage,,EDF Energy Customers Limited,LENCO,T,C,48.000,-52.000,0.0160652,,,,,,,,,BATTERY,BATTERY,,
T_OCHLB-1,False,named_ispstack_id,T_OCHLB-1,OCHLB-1,Ocker Hill,,HD143OCK Ltd,CESGOL01,T,P,58.000,-57.624,0.0169223,,,,,BATTERY,OTHER,Primary BMU,BMU,BATTERY,,,
T_PEHE-1,False,named_ispstack_id,T_PEHE-1,PEHE-1,Peterhead Block 1,CCGT,SSE Thermal Generation,SSETGSL,T,P,1200.000,-0.074,-0.0323359,,,,48W000000PEHE-15,GAS,OTHER,Primary BMU,BMU,CCGT,,,
T_PEMB-21,False,named_ispstack_id,T_PEMB-21,PEMB-21,Pembroke Unit 21,CCGT,RWE Generation UK plc,INNOGY01,T,C,475.000,-15.000,0.0162928,,,,48W00000PEMB-21Q,GAS,CCGT,Primary BMU,BMU,CCGT,,,
T_PEMB-31,False,named_ispstack_id,T_PEMB-31,PEMB-31,Pembroke Unit 31,CCGT,RWE Generation UK plc,INNOGY01,T,C,475.000,-15.000,0.0162928,,,,48W00000PEMB-31N,GAS,CCGT,Primary BMU,BMU,CCGT,,,
T_PEMB-41,False,named_ispstack_id,T_PEMB-41,PEMB-41,Pembroke Unit 41,CCGT,RWE Generation UK plc,INNOGY01,T,C,475.000,-15.000,0.0162928,,,,48W00000PEMB-41K,GAS,CCGT,Primary BMU,BMU,CCGT,,,
T_PEMB-51,False,named_ispstack_id,T_PEMB-51,PEMB-51,Pembroke Unit 51,CCGT,RWE Generation UK plc,INNOGY01,T,C,475.000,-15.000,0.0162928,,,,48W00000PEMB-51H,GAS,CCGT,Primary BMU,BMU,CCGT,,,
T_PINFB-1,False,named_ispstack_id,T_PINFB-1,PINFB-1,T_PINFB-1,OTHER,Zenobe Capenhurst Limited,ZENOBE2,T,C,27.080,-27.880,0.0071527,,,,,BATTERY,OTHER,Primary BMU,BMU,BATTERY,,,
T_PINFB-2,False,named_ispstack_id,T_PINFB-2,PINFB-2,T_PINFB-2,OTHER,Zenobe Capenhurst Limited,ZENOBE2,T,C,26.000,-26.820,0.0071527,,,,,,,,,OTHER,,,
T_PINFB-3,False,named_ispstack_id,T_PINFB-3,PINFB-3,T_PINFB-3,OTHER,Zenobe Capenhurst Limited,ZENOBE2,T,C,26.000,-26.000,0.0071527,,,,,,,,,OTHER,,,
T_PINFB-4,False,named_ispstack_id,T_PINFB-4,PINFB-4,T_PINFB-4,OTHER,Zenobe Capenhurst Limited,ZENOBE2,T,C,26.000,-26.000,0.0071527,,,,,BATTERY,OTHER,Primary BMU,BMU,BATTERY,,,
T_RICHB-1,False,named_ispstack_id,T_RICHB-1,RICHB-1,Richborough Energy Park 1,OTHER,Limejump Energy Limited,ANGEL,T,C,49.900,-49.900,0.0085077,,,,,,,,,OTHER,,,
T_RICHB-2,False,named_ispstack_id,T_RICHB-2,RICHB-2,Richborough Energy Park 2,OTHER,Limejump Energy Limited,ANGEL,T,C,49.900,-49.900,0.0085077,,,,,,,,,OTHER,,,
T_ROCK-1,False,named_ispstack_id,T_ROCK-1,ROCK-1,Rocksavage Power Station,CCGT,Rocksavage Power Company Ltd,RPCL,T,C,810.000,-13.200,0.0071527,,,,48W000000ROCK-16,GAS,OTHER,Primary BMU,BMU,CCGT,,,
T_RYHPS-1,False,named_ispstack_id,T_RYHPS-1,RYHPS-1,T_RYHPS-1,CCGT,VPI Power Limited,SPGEN01,T,P,720.980,-15.000,0.0048990,,,,48W00000RYHPS-1J,GAS,OTHER,Primary BMU,BMU,CCGT,,,
T_SCCL-2,False,named_ispstack_id,T_SCCL-2,SCCL-2,Unit 2,CCGT,SCCL,SALTEND,T,C,409.100,-10.000,-0.0012435,,,,48W000000SCCL-2S,GAS,CCGT,Primary BMU,BMU,CCGT,,,
T_SCCL-3,False,named_ispstack_id,T_SCCL-3,SCCL-3,Unit 3,CCGT,SCCL,SALTEND,T,C,409.300,-77.500,-0.0012435,,,,48W000000SCCL-3Q,GAS,CCGT,Primary BMU,BMU,CCGT,,,
T_SEAB-1,False,named_ispstack_id,T_SEAB-1,SEAB-1,Seabank Power Module,CCGT,Seabank Power Limited,SEABANK,T,C,830.000,-11.000,0.0181821,,,,48W000000SEAB-1V,GAS,CCGT,Primary BMU,BMU,CCGT,,,
T_SEAB-2,False,named_ispstack_id,T_SEAB-2,SEAB-2,Seabank Power Module 2,CCGT,Seabank Power Limited,SEABANK,T,C,406.000,-11.000,0.0181821,,,,48W000000SEAB-2T,,,,,CCGT,,,
T_SEEL-1,False,named_ispstack_id,T_SEEL-1,SEEL-1,Spalding Energy Expansion Ltd,OCGT,Spalding Energy Expansion Ltd,SPALDI,T,P,300.000,-10.000,0.0090174,,,,48W000000SEEL-18,OCGT,OCGT,Primary BMU,BMU,OCGT,,,
T_SHBA-1,False,named_ispstack_id,T_SHBA-1,SHBA-1,SOUTH HUMBER BANK P/S PHASE 1,CCGT,EP UK INVESTMENTS LIMITED,EPUKI,T,C,821.400,-10.000,-0.0012435,,,,48W000000SHBA-1C,GAS,OTHER,Primary BMU,BMU,CCGT,,,
T_SHBA-2,False,named_ispstack_id,T_SHBA-2,SHBA-2,SOUTH HUMBER BANK P/S PHASE 2,CCGT,EP UK INVESTMENTS LIMITED,EPUKI,T,C,580.000,-10.000,-0.0012435,,,,48W000000SHBA-2A,GAS,OTHER,Primary BMU,BMU,CCGT,,,
T_SLOY-2,False,named_ispstack_id,T_SLOY-2,SLOY-2,Sloy G2,NPSHYD,SSE Generation Ltd,SSEGEN,T,P,41.000,-0.022,-0.0323359,,,,48W000000SLOY-2A,NPSHYD,NPSHYD,Primary BMU,BMU,NPSHYD,,,
T_SLOY-3,False,named_ispstack_id,T_SLOY-3,SLOY-3,Sloy G3,NPSHYD,SSE Generation Ltd,SSEGEN,T,P,41.460,-0.038,-0.0323359,,,,48W000000SLOY-38,NPSHYD,NPSHYD,Primary BMU,BMU,NPSHYD,,,
T_SPLN-1,False,named_ispstack_id,T_SPLN-1,SPLN-1,Spalding Power Station,CCGT,Spalding Energy Company Ltd,SPAL,T,P,950.000,-10.000,0.0090174,,,,48W000000SPLN-1A,GAS,OTHER,Primary BMU,BMU,CCGT,,,
T_STAY-1,False,named_ispstack_id,T_STAY-1,STAY-1,Staythorpe Unit 1,CCGT,RWE Generation UK plc,INNOGY01,T,C,464.000,-15.000,0.0090174,,,,48W000000STAY-1Y,GAS,CCGT,Primary BMU,BMU,CCGT,,,
T_STAY-2,False,named_ispstack_id,T_STAY-2,STAY-2,Staythorpe Unit 2,CCGT,RWE Generation UK plc,INNOGY01,T,C,464.000,-15.000,0.0090174,,,,48W000000STAY-2W,GAS,CCGT,Primary BMU,BMU,CCGT,,,
T_STAY-3,False,named_ispstack_id,T_STAY-3,STAY-3,Staythorpe Unit 3,CCGT,RWE Generation UK plc,INNOGY01,T,C,464.000,-15.000,0.0090174,,,,48W000000STAY-3U,GAS,CCGT,Primary BMU,BMU,CCGT,,,
T_STAY-4,False,named_ispstack_id,T_STAY-4,STAY-4,Staythorpe Unit 4,CCGT,RWE Generation UK plc,INNOGY01,T,C,464.000,-15.000,0.0090174,,,,48W000000STAY-4S,GAS,CCGT,Primary BMU,BMU,CCGT,,,
T_SUNDB-1,False,named_ispstack_id,T_SUNDB-1,SUNDB-1,SUNDON BESS,,Pivoted Power LLP,PIVOT,T,C,50.246,-57.000,0.0048990,,,,,,,,,BATTERY,BATTERY,,
T_SUTB-1,False,named_ispstack_id,T_SUTB-1,SUTB-1,BMUid for Sutton Bridge Power,CCGT,SUTTON BRIDGE POWER GENERATION,SUTTBRGE,T,P,850.000,-8.000,0.0048990,,,,48W000000SUTB-1P,GAS,OTHER,Primary BMU,BMU,CCGT,,,
T_SVRP-10,False,named_ispstack_id,T_SVRP-10,SVRP-10,Dong Energy Severn Power Ut 10,CCGT,Severn Power Limited,DONGSVR,T,C,425.000,-9.000,0.0162928,,,,48W00000SVRP-10A,CCGT,OTHER,Primary BMU,BMU,CCGT,,,
T_SVRP-20,False,named_ispstack_id,T_SVRP-20,SVRP-20,Dong Energy Severn Power Ut 20,CCGT,Severn Power Limited,DONGSVR,T,C,425.000,-9.000,0.0162928,,,,48W00000SVRP-207,GAS,OTHER,Primary BMU,BMU,CCGT,,,
T_SZJNB-1,False,named_ispstack_id,T_SZJNB-1,SZJNB-1,Sizing John,,Arenko Cleantech Limited,AG,T,C,57.000,-57.000,0.0071527,,,,,BATTERY,OTHER,Primary BMU,BMU,BATTERY,,,
T_TEBWB-1,False,named_ispstack_id,T_TEBWB-1,TEBWB-1,Tebworth BESS Power Park,,Arenko Cleantech Limited,AG,T,C,39.900,-39.900,0.0048990,,,,,,,,,BATTERY,BATTERY,,
T_THURB-1,False,named_ispstack_id,T_THURB-1,THURB-1,T_THURB-1,,THURROCK STORAGE LIMITED,THRKBESS,T,P,100.000,-100.000,0.0048990,,,,,BATTERY,OTHER,Primary BMU,BMU,BATTERY,,,
T_THURB-2,False,named_ispstack_id,T_THURB-2,THURB-2,T_THURB-2,,THURROCK STORAGE LIMITED,THRKBESS,T,P,100.000,-100.000,0.0048990,,,,,BATTERY,OTHER,Primary BMU,BMU,BATTERY,,,
T_THURB-3,False,named_ispstack_id,T_THURB-3,THURB-3,T_THURB-3,,THURROCK STORAGE LIMITED,THRKBESS,T,P,100.000,-100.000,0.0048990,,,,,BATTERY,OTHER,Primary BMU,BMU,BATTERY,,,
T_WBURB-1,False,named_ispstack_id,T_WBURB-1,WBURB-1,West Burton B Unit 1,CCGT,West Burton B Limited,WESTBURB,T,C,470.000,-60.000,0.0090174,,,,48W00000WBURB-19,,,,,CCGT,,,
T_WBURB-2,False,named_ispstack_id,T_WBURB-2,WBURB-2,West Burton B Unit 2,CCGT,West Burton B Limited,WESTBURB,T,C,470.000,-7.560,0.0090174,,,,48W00000WBURB-27,,,,,CCGT,,,
T_WBURB-3,False,named_ispstack_id,T_WBURB-3,WBURB-3,West Burton B Unit 3,CCGT,West Burton B Limited,WESTBURB,T,C,470.000,-60.000,0.0090174,,,,48W00000WBURB-35,,,,,CCGT,,,
T_WBURB-41,False,named_ispstack_id,T_WBURB-41,WBURB-41,West Burton B Battery,OTHER,West Burton B Limited,WESTBURB,T,C,31.000,-30.000,0.0090174,,,,48W0000WBURB-41Z,BATTERY,OTHER,Primary BMU,BMU,BATTERY,,,
T_WBURB-43,False,named_ispstack_id,T_WBURB-43,WBURB-43,West Burton B Battery,OTHER,West Burton B Limited,WESTBURB,T,C,31.000,-30.338,0.0090174,,,,48W0000WBURB-43V,BATTERY,OTHER,Primary BMU,BMU,BATTERY,,,
T_WHLWB-1,False,named_ispstack_id,T_WHLWB-1,WHLWB-1,Whitelee 1 Battery,,SP Renewables (UK) Limited,SPCRE01,T,C,50.200,-50.200,-0.0119196,,,,,,,,,BATTERY,BATTERY,,
T_WISHB-1,False,named_ispstack_id,T_WISHB-1,WISHB-1,Wishaw BESS,OTHER,Zenobe Wishaw Limited,ZENOBE3,T,C,51.000,-51.000,-0.0119196,,,,,BATTERY,OTHER,Primary BMU,BMU,BATTERY,,,
V__AFEEL002,False,named_ispstack_id,V__AFEEL002,AG-EDF01C,V__AFEEL002,,EDF Energy Limited,LONDELEC,V,P,50.000,-20.707,0.0048990,_A,Eastern,,,,,,,OTHER,,,
V__AZENO002,False,named_ispstack_id,V__AZENO002,ZEN02A,V__AZENO002,OTHER,BESS Holdco 2 Limited,ZENOBE1,V,C,0.000,0.000,0.0048990,_A,Eastern,,,,,,,OTHER,,,
V__BCEND004,False,named_ispstack_id,V__BCEND004,AG-CBS06B,V__BCEND004,,Centrica Business Solutions UK,CENDEPUK,V,P,0.000,0.000,0.0090174,_B,East Midlands,,,,,,,BATTERY,BATTERY,,
V__EFEEL400,False,named_ispstack_id,V__EFEEL400,RCKFB-1,V__EFEEL400,,EDF Energy Limited,LONDELEC,V,P,20.000,-12.188,0.0169223,_E,Midlands,,48W00000RCKFB-1E,BATTERY,OTHER,Secondary BMU,BMU,BATTERY,,,
V__GDSKC001,False,named_ispstack_id,V__GDSKC001,AG-DSK01G,V__GDSKC001,,Danske Commodities A/S,DANSKE,V,C,0.000,0.000,0.0000456,_G,North Western,,48W000AG-DSK01GX,,,,,OTHER,,,
V__HDSKC001,False,named_ispstack_id,V__HDSKC001,AG-DSK01H,V__HDSKC001,,Danske Commodities A/S,DANSKE,V,C,0.000,0.000,0.0160652,_H,Southern,,,BATTERY,OTHER,Secondary BMU,BMU,BATTERY,,,
V__HFEEL002,False,named_ispstack_id,V__HFEEL002,MANNB-1,V__HFEEL002,,EDF Energy Limited,LONDELEC,V,C,42.000,-55.560,0.0160652,_H,Southern,,,BATTERY,OTHER,Secondary BMU,BMU,BATTERY,,,
V__HFEEL400,False,named_ispstack_id,V__HFEEL400,WNCRB-1,V__HFEEL400,,EDF Energy Limited,LONDELEC,V,P,10.000,-8.877,0.0160652,_H,Southern,,48W00000WNCRB-1X,BATTERY,OTHER,Secondary BMU,BMU,BATTERY,,,
V__HHABI008,False,named_ispstack_id,V__HHABI008,MELKB-1,Melksham,,Habitat Energy Limited,HABITAT,V,C,0.000,0.000,0.0160652,_H,Southern,,,BATTERY,OTHER,Secondary BMU,BMU,BATTERY,,,
V__HZENO004,False,named_ispstack_id,V__HZENO004,AG-ZEN7H,V__HZENO004,,BESS Holdco 2 Limited,ZENOBE1,V,C,0.000,0.000,0.0160652,_H,Southern,,,,,,,BATTERY,BATTERY,,
V__JZENO001,False,named_ispstack_id,V__JZENO001,AG-ZEN03J,V__JZENO001,OTHER,BESS Holdco 2 Limited,ZENOBE1,V,C,0.000,0.000,0.0085077,_J,South Eastern,,,,,,,OTHER,,,
V__KHABI007,False,named_ispstack_id,V__KHABI007,HIRWB-1,Hirwaun,,Habitat Energy Limited,HABITAT,V,C,0.000,0.000,0.0162928,_K,South Wales,,,BATTERY,OTHER,Secondary BMU,BMU,BATTERY,,,
V__LCEND005,False,named_ispstack_id,V__LCEND005,AG-CBS05L,V__LCEND005,,Centrica Business Solutions UK,CENDEPUK,V,P,0.000,0.000,0.0181821,_L,South Western,,,,,,,BATTERY,BATTERY,,
V__LFLEX001,False,named_ispstack_id,V__LFLEX001,AG-FLX00L,V__LFLEX001,,Flexitricity Limited,FLEXTRCY,V,P,3.738,-2.997,0.0181821,_L,South Western,,,,,,,LOAD RESPONSE,LOAD RESPONSE,,
V__MCEND001,False,named_ispstack_id,V__MCEND001,AG-CBS08M,Brigg Battery,,Centrica Business Solutions UK,CENDEPUK,V,P,0.000,0.000,-0.0012435,_M,Yorkshire,,,,,,,BATTERY,BATTERY,,
V__NFLEX001,False,named_ispstack_id,V__NFLEX001,AG-FLX02N,V__NFLEX001,,Flexitricity Limited,FLEXTRCY,V,C,0.000,0.000,-0.0119196,_N,South Scotland,,,,,,,LOAD RESPONSE,LOAD RESPONSE,,
V__NGBLO013,False,named_ispstack_id,V__NGBLO013,AG-GBL0DN,V__NGBLO013,,GridBeyond Limited,ENDECO,V,C,0.000,0.000,-0.0119196,_N,South Scotland,,,,,,,LOAD RESPONSE,LOAD RESPONSE,,
V__NHABI005,False,named_ispstack_id,V__NHABI005,AG-HEL0DN,Camilla,OTHER,Habitat Energy Limited,HABITAT,V,C,0.000,0.000,-0.0119196,_N,South Scotland,,,,,,,OTHER,,,
V__PHABI004,False,named_ispstack_id,V__PHABI004,AG-HEL0CP,Fordtown,OTHER,Habitat Energy Limited,HABITAT,V,C,0.000,0.000,-0.0323359,_P,North Scotland,,,,,,,OTHER,,,
V__PHABI011,False,named_ispstack_id,V__PHABI011,AG-HAB02P,Braco,,Habitat Energy Limited,HABITAT,V,C,0.000,0.000,-0.0323359,_P,North Scotland,,48W000AG-HAB02PQ,BATTERY,OTHER,Secondary BMU,BMU,BATTERY,,,
,True,disbsad_energy_asset,,,,,,,,,,,,,,,,,,,,UNKNOWN_NUMERIC,,,
