settlementDate,settlementPeriod,niv_volume,niv_long_short,niv_active_side,systemBuyPrice,systemSellPrice,systemPrice,marginal_bmu_raw,marginal_bmu_id,marginal_is_numeric_id,marginal_identity_source,marginal_fuel_type,marginal_family_id,marginal_lead_party,marginal_bmu_type,marginal_gen_capacity_mw,marginal_gsp_group,marginal_final_price,marginal_original_price,marginal_price_cost_to_so,marginal_stack_rank,marginal_bid_rank,marginal_volume,n_tied_marginal_candidates
2026-01-01,1,-300.6490437301587,long,bid,46.67,46.67,46.67,E_NEWPB-1,E_NEWPB-1,False,named_ispstack_id,BATTERY,E_NEWPB,Field Newport Ltd,E,20.933,South Wales,8.86,8.86,-8.86,1,1.0,-0.004166666666666667,1
2026-01-01,2,-14.569653356656167,long,bid,54.01,54.01,54.01,T_CARR-1,T_CARR-1,False,named_ispstack_id,CCGT,T_CARR,Carrington Power Ltd,T,470.0,,100.0,100.0,-100.0,5,1.0,-0.000105793650793651,1
2026-01-01,3,150.4260835198045,short,offer,91.9,91.9,91.9,T_SVRP-10,T_SVRP-10,False,named_ispstack_id,CCGT,T_SVRP,Severn Power Limited,T,425.0,,105.0,105.0,105.0,156,,15.75211111111111,1
2026-01-01,4,392.14060375,short,offer,92.0,92.0,92.0,2__DUKPR001,2__DUKPR001,False,named_ispstack_id,OCGT,2__DUKPR,UK Power Reserve Limited,S,20.0,Merseyside North Wales,125.0,125.0,125.0,396,,0.016666666666666666,2
2026-01-01,4,392.14060375,short,offer,92.0,92.0,92.0,2__JUKPR001,2__JUKPR001,False,named_ispstack_id,OCGT,2__JUKPR,UK Power Reserve Limited,S,50.0,South Eastern,125.0,125.0,125.0,397,,0.03333333333333333,2
2026-01-01,5,175.38281541666663,short,offer,91.9,91.9,91.9,2__BUKPR001,2__BUKPR001,False,named_ispstack_id,OCGT,2__BUKPR,UK Power Reserve Limited,S,10.359,East Midlands,125.0,125.0,125.0,302,,0.15,3
2026-01-01,5,175.38281541666663,short,offer,91.9,91.9,91.9,2__DUKPR001,2__DUKPR001,False,named_ispstack_id,OCGT,2__DUKPR,UK Power Reserve Limited,S,20.0,Merseyside North Wales,125.0,125.0,125.0,303,,0.31666666666666665,3
2026-01-01,5,175.38281541666663,short,offer,91.9,91.9,91.9,2__JUKPR001,2__JUKPR001,False,named_ispstack_id,OCGT,2__JUKPR,UK Power Reserve Limited,S,50.0,South Eastern,125.0,125.0,125.0,304,,0.6333333333333333,3
2026-01-01,6,134.18359152777776,short,offer,92.0,92.0,92.0,T_DINO-6,T_DINO-6,False,named_ispstack_id,PS,T_DINO,First Hydro Company,T,320.0,,120.0,120.0,120.0,79,,0.55,1
2026-01-01,7,72.84930916666667,short,offer,70.0,70.0,70.0,T_DRAXX-2,T_DRAXX-2,False,named_ispstack_id,BIOMASS,T_DRAXX,Drax Power Ltd,T,669.4,,104.0,104.0,104.0,393,,40.0,1
2026-01-01,8,23.785301574074072,short,offer,68.0,68.0,68.0,T_DRAXX-2,T_DRAXX-2,False,named_ispstack_id,BIOMASS,T_DRAXX,Drax Power Ltd,T,669.4,,104.0,104.0,104.0,345,,40.0,1
2026-01-01,9,-135.32222222222222,long,bid,41.51,41.51,41.51,E_THMRB-1,E_THMRB-1,False,named_ispstack_id,BATTERY,E_THMRB,Tesla Motors Limited,E,49.5,Eastern,20.62,20.62,-20.62,1,1.0,-0.008333333333333333,1
2026-01-01,10,-13.833042962962963,long,bid,37.64,37.64,37.64,T_CDCL-1,T_CDCL-1,False,named_ispstack_id,CCGT,T_CDCL,Uniper UK Limited,T,445.0,,63.11,63.11,-63.11,8,1.0,-3.1759259259259e-05,1
2026-01-01,11,23.66268888927164,short,offer,66.41,66.41,66.41,T_ROCK-1,T_ROCK-1,False,named_ispstack_id,CCGT,T_ROCK,Rocksavage Power Company Ltd,T,810.0,,105.0,105.0,105.0,212,,172.66666666666666,1
2026-01-01,12,-136.36761348486112,long,bid,34.98,34.98,34.98,E_CLAYB-1,E_CLAYB-1,False,named_ispstack_id,BATTERY,E_CLAYB,Tesla Motors Limited,E,49.5,Eastern,59.57,59.57,-59.57,29,3.0,-0.08333333333333333,1
2026-01-01,13,-36.23573434156378,long,bid,-8.279999999999998,-8.279999999999998,-8.279999999999998,2__MCMRO003,2__MCMRO003,False,named_ispstack_id,OTHER,2__MCMRO,BGI Trading Limited,S,50.0,Yorkshire,62.0,62.0,-62.0,32,2.0,-0.028125,1
2026-01-01,14,-99.94102514363725,long,bid,41.12,41.12,41.12,E_ILMEB-1,E_ILMEB-1,False,named_ispstack_id,BATTERY,E_ILMEB,Tesla Motors Limited,E,49.5,Eastern,64.99,64.99,-64.99,15,1.0,-0.7,1
2026-01-01,15,-133.04545872981956,long,bid,35.26,35.26,35.26,E_FARNB-1,E_FARNB-1,False,named_ispstack_id,BATTERY,E_FARNB,Tesla Motors Limited,E,20.0,Southern,50.36,50.36,-50.36,8,2.0,-0.008333333333333333,3
2026-01-01,15,-133.04545872981956,long,bid,35.26,35.26,35.26,E_ILMEB-1,E_ILMEB-1,False,named_ispstack_id,BATTERY,E_ILMEB,Tesla Motors Limited,E,49.5,Eastern,50.36,50.36,-50.36,9,3.0,-0.00357125,3
2026-01-01,15,-133.04545872981956,long,bid,35.26,35.26,35.26,E_CHAPB-1,E_CHAPB-1,False,named_ispstack_id,BATTERY,E_CHAPB,Tesla Motors Limited,E,50.169,Eastern,50.36,50.36,-50.36,12,6.0,-0.017346666666666666,3
2026-01-01,16,46.81936013888889,short,offer,65.84,65.84,65.84,T_MRWD-1,T_MRWD-1,False,named_ispstack_id,CCGT,T_MRWD,Marchwood Power Limited,T,920.0,,109.0,109.0,109.0,405,,11.458333333333334,1
2026-01-01,18,-150.14116652777778,long,bid,29.48,29.48,29.48,T_THURB-1,T_THURB-1,False,named_ispstack_id,BATTERY,T_THURB,THURROCK STORAGE LIMITED,T,100.0,,29.48,29.48,-29.48,1,1.0,-1.8063379166666667,1
2026-01-01,19,40.98900958333333,short,offer,59.47,59.47,59.47,T_MRWD-1,T_MRWD-1,False,named_ispstack_id,CCGT,T_MRWD,Marchwood Power Limited,T,920.0,,109.0,109.0,109.0,270,,9.791666666666666,1
2026-01-01,20,-378.3485555555555,long,bid,34.58,34.58,34.58,2__MCMRO002,2__MCMRO002,False,named_ispstack_id,OTHER,2__MCMRO,BGI Trading Limited,S,36.844,Yorkshire,37.88,37.88,-37.88,2,2.0,-0.001666666666666667,1
2026-01-01,21,-300.1520568055556,long,bid,33.87,33.87,33.87,T_CDCL-1,T_CDCL-1,False,named_ispstack_id,CCGT,T_CDCL,Uniper UK Limited,T,445.0,,63.11,63.11,-63.11,1,1.0,-3.4305555555556e-05,1
2026-01-01,22,27.71639453703704,short,offer,49.6,49.6,49.6,T_MRWD-1,T_MRWD-1,False,named_ispstack_id,CCGT,T_MRWD,Marchwood Power Limited,T,920.0,,109.0,109.0,109.0,274,,3.3125,1
2026-01-01,24,-466.36181083333327,long,bid,37.02,37.02,37.02,E_BARNB-1,E_BARNB-1,False,named_ispstack_id,BATTERY,E_BARNB,EDF Energy Customers Limited,E,44.0,Yorkshire,14.32,14.32,-14.32,1,1.0,-0.000694444444444444,1
2026-01-01,25,-201.56771152777776,long,bid,17.44,17.44,17.44,T_KEAD-2,T_KEAD-2,False,named_ispstack_id,CCGT,T_KEAD,Keadby Generation Limited,T,890.0,,60.0,60.0,-60.0,9,2.0,-0.00387125,1
2026-01-01,26,-219.48059663328652,long,bid,32.03,32.03,32.03,E_CLAYB-1,E_CLAYB-1,False,named_ispstack_id,BATTERY,E_CLAYB,Tesla Motors Limited,E,49.5,Eastern,68.96,68.96,-68.96,7,1.0,-0.03053611111111111,1
2026-01-01,27,111.29342041666666,short,offer,75.37,75.37,75.37,T_SVRP-10,T_SVRP-10,False,named_ispstack_id,CCGT,T_SVRP,Severn Power Limited,T,425.0,,105.0,105.0,105.0,410,,5.208333333333333,1
2026-01-01,28,82.1200886111111,short,offer,85.0,85.0,85.0,T_FFES-1,T_FFES-1,False,named_ispstack_id,PS,T_FFES,First Hydro Company,T,91.033,,126.0,126.0,126.0,385,,12.775,1
2026-01-01,29,111.80919510416666,short,offer,85.0,85.0,85.0,T_FFES-1,T_FFES-1,False,named_ispstack_id,PS,T_FFES,First Hydro Company,T,91.033,,126.0,126.0,126.0,419,,0.6083333333333333,1
2026-01-01,30,-49.30580481342289,long,bid,57.69,57.69,57.69,E_HAWKB-1,E_HAWKB-1,False,named_ispstack_id,BATTERY,E_HAWKB,Tesla Motors Limited,E,20.0,Southern,75.0,75.0,-75.0,7,1.0,-0.002083333333333333,1
2026-01-01,31,-277.0431600898268,long,bid,61.27,61.27,61.27,E_BROAB-1,E_BROAB-1,False,named_ispstack_id,BATTERY,E_BROAB,Tesla Motors Limited,E,11.0,South Eastern,87.95,87.95,-87.95,3,1.0,-0.002083333333333333,1
2026-01-01,32,-10.12065972069597,long,bid,75.08,75.08,75.08,E_BROAB-1,E_BROAB-1,False,named_ispstack_id,BATTERY,E_BROAB,Tesla Motors Limited,E,11.0,South Eastern,87.89,87.89,-87.89,3,1.0,-0.002777777777777778,1
2026-01-01,33,-137.23150931270425,long,bid,65.0,65.0,65.0,2__GSTAT009,2__GSTAT009,False,named_ispstack_id,BATTERY,2__GSTAT_B,Statkraft Markets Gmbh,S,16.45,North Western,80.52,80.52,-80.52,8,2.0,-0.05926,1
2026-01-01,34,210.97853031746033,short,offer,99.0,99.0,99.0,E_PETEM3,E_PETEM3,False,named_ispstack_id,CCGT,E_PETEM,River Nene Power Limited,E,49.227,Eastern,132.0,132.0,132.0,242,,7.2,1
2026-01-01,35,396.38773695726394,short,offer,99.0,99.0,99.0,2__KSTAT002,2__KSTAT002,False,named_ispstack_id,BATTERY,2__KSTAT,Statkraft Markets Gmbh,S,14.0,South Wales,133.5,133.5,133.5,265,,5.2,1
2026-01-01,36,469.86207427083326,short,offer,99.0,99.0,99.0,2__KSTAT002,2__KSTAT002,False,named_ispstack_id,BATTERY,2__KSTAT,Statkraft Markets Gmbh,S,14.0,South Wales,133.5,133.5,133.5,230,,2.0,1
2026-01-01,37,552.7125998263889,short,offer,99.0,99.0,99.0,E_NEWPB-1,E_NEWPB-1,False,named_ispstack_id,BATTERY,E_NEWPB,Field Newport Ltd,E,20.933,South Wales,128.07,128.07,128.07,276,,0.6,1
2026-01-01,38,430.7546640277778,short,offer,99.0,99.0,99.0,2__GANGE001,2__GANGE001,False,named_ispstack_id,LOAD RESPONSE,2__GANGE,Limejump Energy Limited,S,50.0,North Western,116.97,116.97,116.97,118,,0.375,1
2026-01-01,39,189.0538023796296,short,offer,99.0,99.0,99.0,T_LARKB-1,T_LARKB-1,False,named_ispstack_id,OTHER,T_LARKB,EDF Energy Customers Limited,T,52.0,,107.31,107.31,107.31,57,,0.36666666666666664,1
2026-01-01,40,223.9538454861111,short,offer,99.0,99.0,99.0,T_LARKB-1,T_LARKB-1,False,named_ispstack_id,OTHER,T_LARKB,EDF Energy Customers Limited,T,52.0,,108.19,108.19,108.19,95,,6.233333333333333,1
2026-01-01,41,220.1529523809524,short,offer,99.0,99.0,99.0,E_FARNB-1,E_FARNB-1,False,named_ispstack_id,BATTERY,E_FARNB,Tesla Motors Limited,E,20.0,Southern,109.39,109.39,109.39,112,,0.16666666666666666,2
2026-01-01,41,220.1529523809524,short,offer,99.0,99.0,99.0,E_HAWKB-1,E_HAWKB-1,False,named_ispstack_id,BATTERY,E_HAWKB,Tesla Motors Limited,E,20.0,Southern,109.39,109.39,109.39,114,,0.06666666666666667,2
2026-01-01,42,245.25113414682536,short,offer,99.0,99.0,99.0,2__FBPGM001,2__FBPGM001,False,named_ispstack_id,BATTERY,2__FBPGM,BP Gas Marketing Limited,S,39.859,Northern,134.62,134.62,134.62,244,,0.06666666666666667,1
2026-01-01,43,404.16078013888887,short,offer,99.0,99.0,99.0,T_DINO-6,T_DINO-6,False,named_ispstack_id,PS,T_DINO,First Hydro Company,T,320.0,,118.0,118.0,118.0,134,,12.5,1
2026-01-01,44,394.51049458333335,short,offer,99.0,99.0,99.0,E_ARNKB-1,E_ARNKB-1,False,named_ispstack_id,LOAD RESPONSE,E_ARNKB_LR,Octopus Energy Trading Limited,E,41.66,Midlands,118.6,118.6,118.6,218,,0.15,1
2026-01-01,45,350.6870875639352,short,offer,99.0,99.0,99.0,T_FFES-2,T_FFES-2,False,named_ispstack_id,PS,T_FFES,First Hydro Company,T,91.875,,121.0,121.0,121.0,167,,3.75,1
2026-01-01,46,73.6605556790179,short,offer,73.5,73.5,73.5,T_DINO-2,T_DINO-2,False,named_ispstack_id,PS,T_DINO,First Hydro Company,T,320.0,,125.0,125.0,125.0,106,,0.05026708333333333,1
2026-01-01,47,-11.399044497863247,long,bid,13.6,13.6,13.6,E_BHOLB-1,E_BHOLB-1,False,named_ispstack_id,BATTERY,E_BHOLB,Tesla Motors Limited,E,7.12,Southern,77.99,77.99,-77.99,7,1.0,-0.002083333333333333,4
2026-01-01,47,-11.399044497863247,long,bid,13.6,13.6,13.6,E_SKELB-1,E_SKELB-1,False,named_ispstack_id,BATTERY,E_SKELB,Tesla Motors Limited,E,49.9,North Western,77.99,77.99,-77.99,9,3.0,-0.008333333333333333,4
2026-01-01,47,-11.399044497863247,long,bid,13.6,13.6,13.6,E_CHAPB-1,E_CHAPB-1,False,named_ispstack_id,BATTERY,E_CHAPB,Tesla Motors Limited,E,50.169,Eastern,77.99,77.99,-77.99,11,5.0,-0.15,4
2026-01-01,47,-11.399044497863247,long,bid,13.6,13.6,13.6,2__MCMRO002,2__MCMRO002,False,named_ispstack_id,OTHER,2__MCMRO,BGI Trading Limited,S,36.844,Yorkshire,77.99,77.99,-77.99,12,6.0,-0.06666666666666667,4
2026-01-01,48,-280.2326476323296,long,bid,31.07,31.07,31.07,E_BHOLB-1,E_BHOLB-1,False,named_ispstack_id,BATTERY,E_BHOLB,Tesla Motors Limited,E,7.12,Southern,64.99,64.99,-64.99,8,1.0,-0.002083333333333333,3
2026-01-01,48,-280.2326476323296,long,bid,31.07,31.07,31.07,E_CHAPB-1,E_CHAPB-1,False,named_ispstack_id,BATTERY,E_CHAPB,Tesla Motors Limited,E,50.169,Eastern,64.99,64.99,-64.99,9,2.0,-0.004166666666666667,3
2026-01-01,48,-280.2326476323296,long,bid,31.07,31.07,31.07,2__MCMRO002,2__MCMRO002,False,named_ispstack_id,OTHER,2__MCMRO,BGI Trading Limited,S,36.844,Yorkshire,64.99,64.99,-64.99,10,3.0,-0.001190833333333333,3
2026-01-02,1,-6.696626944444445,long,bid,18.04,18.04,18.04,T_CDCL-1,T_CDCL-1,False,named_ispstack_id,CCGT,T_CDCL,Uniper UK Limited,T,445.0,,63.11,63.11,-63.11,12,1.0,-0.03125,1
2026-01-02,2,-62.512982638888886,long,bid,30.07,30.07,30.07,E_CLAYB-2,E_CLAYB-2,False,named_ispstack_id,BATTERY,E_CLAYB,Tesla Motors Limited,E,49.5,Eastern,64.75,64.75,-64.75,9,1.0,-0.04375,1
2026-01-02,3,-53.64528402777778,long,bid,57.23,57.23,57.23,E_DOLLB-1,E_DOLLB-1,False,named_ispstack_id,OTHER,E_DOLLB,Dollymans Storage Limited,E,102.0,Eastern,30.44,30.44,-30.44,2,2.0,-0.029761805555555555,1
2026-01-02,4,-126.94325310185184,long,bid,31.89,31.89,31.89,2__LFLEX001,2__LFLEX001,False,named_ispstack_id,LOAD RESPONSE,2__LFLEX,Flexitricity Limited,S,49.0,South Western,88.49,88.49,-88.49,10,1.0,-0.002777777777777778,1
2026-01-02,5,-196.35069771132297,long,bid,31.93435520452393,31.93435520452393,31.93435520452393,E_BHOLB-1,E_BHOLB-1,False,named_ispstack_id,BATTERY,E_BHOLB,Tesla Motors Limited,E,7.12,Southern,86.67,86.67,-86.67,13,1.0,-0.008333333333333333,1
2026-01-02,6,-10.58782418859649,long,bid,43.03,43.03,43.03,2__HIMPO002,2__HIMPO002,False,named_ispstack_id,LOAD RESPONSE,2__HIMPO,SSE Energy Supply Limited,S,52.564,Southern,100.0,100.0,-100.0,10,1.0,-0.5706597222222223,1
2026-01-02,7,-188.840645941358,long,bid,45.05904965383944,45.05904965383944,45.05904965383944,E_SKELB-1,E_SKELB-1,False,named_ispstack_id,BATTERY,E_SKELB,Tesla Motors Limited,E,49.9,North Western,64.17,64.17,-64.17,3,1.0,-0.792,2
2026-01-02,7,-188.840645941358,long,bid,45.05904965383944,45.05904965383944,45.05904965383944,2__MCMRO002,2__MCMRO002,False,named_ispstack_id,OTHER,2__MCMRO,BGI Trading Limited,S,36.844,Yorkshire,64.17,64.17,-64.17,4,2.0,-0.29507527777777776,2
2026-01-02,8,-44.3455037962963,long,bid,49.04,49.04,49.04,E_THMRB-1,E_THMRB-1,False,named_ispstack_id,BATTERY,E_THMRB,Tesla Motors Limited,E,49.5,Eastern,81.32,81.32,-81.32,14,1.0,-0.000462916666666667,1
2026-01-02,9,-36.09908652777778,long,bid,53.42,53.42,53.42,E_THMRB-1,E_THMRB-1,False,named_ispstack_id,BATTERY,E_THMRB,Tesla Motors Limited,E,49.5,Eastern,79.76,79.76,-79.76,12,1.0,-0.000555555555555556,1
2026-01-02,10,-217.76951875868056,long,bid,54.25,54.25,54.25,E_THMRB-1,E_THMRB-1,False,named_ispstack_id,BATTERY,E_THMRB,Tesla Motors Limited,E,49.5,Eastern,76.64,76.64,-76.64,5,1.0,-0.21274361111111112,1
2026-01-02,11,126.79458083333331,short,offer,96.64,96.64,96.64,T_DINO-6,T_DINO-6,False,named_ispstack_id,PS,T_DINO,First Hydro Company,T,320.0,,120.0,120.0,120.0,284,,0.06663472222222222,1
2026-01-02,12,-23.634283984375,long,bid,59.66,59.66,59.66,E_CHAPB-1,E_CHAPB-1,False,named_ispstack_id,BATTERY,E_CHAPB,Tesla Motors Limited,E,50.169,Eastern,51.2,51.2,-51.2,3,1.0,-0.11570736111111111,1
2026-01-02,13,30.444122506038642,short,offer,94.00029555194324,94.00029555194324,94.00029555194324,2__FBPGM001,2__FBPGM001,False,named_ispstack_id,BATTERY,2__FBPGM,BP Gas Marketing Limited,S,39.859,Northern,122.91,122.91,122.91,113,,1.0544444444444445,1
2026-01-02,14,233.9388944282107,short,offer,96.9,96.9,96.9,T_LKSDB-1,T_LKSDB-1,False,named_ispstack_id,OTHER,T_LKSDB,Lakeside Energy Storage Ltd,T,105.0,,114.0,114.0,114.0,155,,0.225,2
2026-01-02,14,233.9388944282107,short,offer,96.9,96.9,96.9,T_OCHLB-1,T_OCHLB-1,False,named_ispstack_id,BATTERY,T_OCHLB,HD143OCK Ltd,T,58.0,,114.0,114.0,114.0,159,,0.95,2
2026-01-02,15,361.40518071066657,short,offer,101.5,101.5,101.5,T_LKSDB-1,T_LKSDB-1,False,named_ispstack_id,OTHER,T_LKSDB,Lakeside Energy Storage Ltd,T,105.0,,114.0,114.0,114.0,132,,0.05,1
2026-01-02,16,187.48980590909088,short,offer,101.0,101.0,101.0,T_HUMR-1,T_HUMR-1,False,named_ispstack_id,CCGT,T_HUMR_CC,VPI Immingham LLP,T,1283.0,,134.9,134.9,134.9,52,,0.10476300505050505,1
2026-01-02,17,83.19756123316499,short,offer,101.0,101.0,101.0,T_CNQPS-2,T_CNQPS-2,False,named_ispstack_id,CCGT,T_CNQPS,Uniper UK Limited,T,352.0,,109.9,109.9,109.9,33,,115.0,1
2026-01-02,18,249.19973809523808,short,offer,99.0,99.0,99.0,T_CNQPS-2,T_CNQPS-2,False,named_ispstack_id,CCGT,T_CNQPS,Uniper UK Limited,T,352.0,,109.9,109.9,109.9,31,,115.0,1
2026-01-02,19,94.42650806387299,short,offer,99.0,99.0,99.0,T_CNQPS-2,T_CNQPS-2,False,named_ispstack_id,CCGT,T_CNQPS,Uniper UK Limited,T,352.0,,109.9,109.9,109.9,26,,115.0,1
2026-01-02,20,264.80850888888887,short,offer,99.0,99.0,99.0,T_CNQPS-2,T_CNQPS-2,False,named_ispstack_id,CCGT,T_CNQPS,Uniper UK Limited,T,352.0,,109.9,109.9,109.9,21,,115.0,1
2026-01-02,21,202.03333333333333,short,offer,99.0,99.0,99.0,T_CNQPS-2,T_CNQPS-2,False,named_ispstack_id,CCGT,T_CNQPS,Uniper UK Limited,T,352.0,,109.9,109.9,109.9,18,,115.0,1
2026-01-02,22,51.94670194444444,short,offer,99.0,99.0,99.0,T_KILSB-1,T_KILSB-1,False,named_ispstack_id,BATTERY,T_KILSB,ZENOBE KILMARNOCK SOUTH LTD,T,52.952,,112.52,112.52,112.52,22,,0.008333333333333333,1
2026-01-02,23,-371.0166670833333,long,bid,62.15,62.15,62.15,E_BARNB-1,E_BARNB-1,False,named_ispstack_id,BATTERY,E_BARNB,EDF Energy Customers Limited,E,44.0,Yorkshire,77.29,77.29,-77.29,238,4.0,-0.08333333333333333,1
2026-01-02,24,10.802708392857143,short,offer,89.57035928143712,89.57035928143712,89.57035928143712,T_CNQPS-2,T_CNQPS-2,False,named_ispstack_id,CCGT,T_CNQPS,Uniper UK Limited,T,352.0,,109.9,109.9,109.9,14,,51.583333333333336,1
2026-01-02,25,60.99712162878788,short,offer,100.0,100.0,100.0,T_CNQPS-2,T_CNQPS-2,False,named_ispstack_id,CCGT,T_CNQPS,Uniper UK Limited,T,352.0,,109.9,109.9,109.9,14,,63.416666666666664,1
2026-01-02,26,545.4565725940726,short,offer,100.5,100.5,100.5,T_SZJNB-1,T_SZJNB-1,False,named_ispstack_id,BATTERY,T_SZJNB,Arenko Cleantech Limited,T,57.0,,103.52,103.52,103.52,34,,0.2,1
2026-01-02,27,175.87057505218795,short,offer,100.0,100.0,100.0,T_OCHLB-1,T_OCHLB-1,False,named_ispstack_id,BATTERY,T_OCHLB,HD143OCK Ltd,T,58.0,,105.0,105.0,105.0,18,,0.016666666666666666,1
2026-01-02,28,471.3970488006617,short,offer,100.0,100.0,100.0,T_GRAI-7,T_GRAI-7,False,named_ispstack_id,CCGT,T_GRAI,Uniper UK Limited,T,468.0,,101.8,101.8,101.8,17,,46.18333333333333,1
2026-01-02,29,678.0463436724566,short,offer,100.5,100.5,100.5,T_DINO-6,T_DINO-6,False,named_ispstack_id,PS,T_DINO,First Hydro Company,T,320.0,,115.0,115.0,115.0,25,,7.5,1
2026-01-02,30,529.7188778604908,short,offer,100.0,100.0,100.0,2__MCMRO002,2__MCMRO002,False,named_ispstack_id,OTHER,2__MCMRO,BGI Trading Limited,S,36.844,Yorkshire,109.98,109.98,109.98,37,,0.65,1
2026-01-02,31,236.701,short,offer,105.0,105.0,105.0,T_DINO-6,T_DINO-6,False,named_ispstack_id,PS,T_DINO,First Hydro Company,T,320.0,,120.0,120.0,120.0,16,,5.0,1
2026-01-02,32,614.390066010101,short,offer,115.0,115.0,115.0,T_FFES-2,T_FFES-2,False,named_ispstack_id,PS,T_FFES,First Hydro Company,T,91.875,,121.0,121.0,121.0,137,,0.75,1
2026-01-02,33,765.811665359147,short,offer,115.0,115.0,115.0,2__KUKPR001,2__KUKPR001,False,named_ispstack_id,OTHER,2__KUKPR,UK Power Reserve Limited,S,10.2,South Wales,141.0,141.0,141.0,228,,0.04666666666666667,2
2026-01-02,33,765.811665359147,short,offer,115.0,115.0,115.0,2__LUKPR001,2__LUKPR001,False,named_ispstack_id,OTHER,2__LUKPR,UK Power Reserve Limited,S,10.2,South Western,141.0,141.0,141.0,229,,0.03333333333333333,2
2026-01-02,34,1018.9738972518672,short,offer,116.00020985257856,116.00020985257856,116.00020985257856,2__JSTAT001,2__JSTAT001,False,named_ispstack_id,BATTERY,2__JSTAT,Statkraft Markets Gmbh,S,22.0,South Eastern,147.1,147.1,147.1,238,,1.6666666666666667,1
2026-01-02,35,1009.1460240277776,short,offer,117.0,117.0,117.0,2__ASTAT005,2__ASTAT005,False,named_ispstack_id,BATTERY,2__ASTAT_B,Statkraft Markets Gmbh,S,51.313,Eastern,150.36,150.36,150.36,341,,0.1,1
2026-01-02,36,1197.102303662428,short,offer,124.0,124.0,124.0,E_ARNKB-1,E_ARNKB-1,False,named_ispstack_id,LOAD RESPONSE,E_ARNKB_LR,Octopus Energy Trading Limited,E,41.66,Midlands,161.53,161.53,161.53,256,,0.15,1
2026-01-02,37,1086.7527147131148,short,offer,123.9,123.9,123.9,E_CLAYB-1,E_CLAYB-1,False,named_ispstack_id,BATTERY,E_CLAYB,Tesla Motors Limited,E,49.5,Eastern,165.51,165.51,165.51,351,,0.45,1
2026-01-02,38,1011.6640674254754,short,offer,125.0,125.0,125.0,T_PINFB-2,T_PINFB-2,False,named_ispstack_id,OTHER,T_PINFB_OTH,Zenobe Capenhurst Limited,T,26.0,,184.55,184.55,184.55,390,,0.16666666666666666,2
2026-01-02,38,1011.6640674254754,short,offer,125.0,125.0,125.0,T_PINFB-3,T_PINFB-3,False,named_ispstack_id,OTHER,T_PINFB_OTH,Zenobe Capenhurst Limited,T,26.0,,184.55,184.55,184.55,392,,0.03333333333333333,2
2026-01-02,39,389.13445647721454,short,offer,105.0,105.0,105.0,2__HSTAT005,2__HSTAT005,False,named_ispstack_id,BATTERY,2__HSTAT,Statkraft Markets Gmbh,S,16.0,Southern,164.75,164.75,164.75,138,,5.2,1
2026-01-02,40,26.33330623931624,short,offer,100.0,100.0,100.0,2__DSTAT001,2__DSTAT001,False,named_ispstack_id,BATTERY,2__DSTAT,Statkraft Markets Gmbh,S,20.0,Merseyside North Wales,166.1,166.1,166.1,124,,4.5,1
2026-01-02,41,-154.468757487325,long,bid,60.05,60.05,60.05,T_SHBA-1,T_SHBA-1,False,named_ispstack_id,CCGT,T_SHBA,EP UK INVESTMENTS LIMITED,T,821.4,,64.0,64.0,-64.0,2,1.0,-0.008333333333333333,1
2026-01-02,42,54.87805469372003,short,offer,96.0,96.0,96.0,T_DINO-2,T_DINO-2,False,named_ispstack_id,PS,T_DINO,First Hydro Company,T,320.0,,130.0,130.0,130.0,56,,2.5,1
2026-01-02,43,221.72730471811923,short,offer,95.9,95.9,95.9,T_THURB-3,T_THURB-3,False,named_ispstack_id,BATTERY,T_THURB,THURROCK STORAGE LIMITED,T,100.0,,122.96,122.96,122.96,120,,0.9666666666666667,1
2026-01-02,44,125.48307914540815,short,offer,94.9,94.9,94.9,E_BARNB-1,E_BARNB-1,False,named_ispstack_id,BATTERY,E_BARNB,EDF Energy Customers Limited,E,44.0,Yorkshire,145.27,145.27,145.27,254,,0.75,1
2026-01-02,45,-30.75626598314556,long,bid,82.28,82.28,82.28,E_CLAYB-1,E_CLAYB-1,False,named_ispstack_id,BATTERY,E_CLAYB,Tesla Motors Limited,E,49.5,Eastern,95.63,95.63,-95.63,14,1.0,-0.002777777777777778,1
2026-01-02,46,74.3638888888889,short,offer,94.0,94.0,94.0,T_CARR-1,T_CARR-1,False,named_ispstack_id,CCGT,T_CARR,Carrington Power Ltd,T,470.0,,124.0,124.0,124.0,120,,68.16666666666667,1
2026-01-02,47,338.5665119907408,short,offer,93.9,93.9,93.9,T_PINFB-2,T_PINFB-2,False,named_ispstack_id,OTHER,T_PINFB_OTH,Zenobe Capenhurst Limited,T,26.0,,124.88,124.88,124.88,261,,0.025,2
2026-01-02,47,338.5665119907408,short,offer,93.9,93.9,93.9,T_PINFB-4,T_PINFB-4,False,named_ispstack_id,BATTERY,T_PINFB_B,Zenobe Capenhurst Limited,T,26.0,,124.88,124.88,124.88,262,,0.025,2
2026-01-02,48,301.6525986035247,short,offer,93.9,93.9,93.9,E_BARNB-1,E_BARNB-1,False,named_ispstack_id,BATTERY,E_BARNB,EDF Energy Customers Limited,E,44.0,Yorkshire,129.37,129.37,129.37,252,,0.225,1
2026-01-03,1,145.9618384680451,short,offer,93.85,93.85,93.85,T_KEMB-1,T_KEMB-1,False,named_ispstack_id,LOAD RESPONSE,T_KEMB,EDF Energy Customers Limited,T,35.468,,124.12,124.12,124.12,168,,0.03333333333333333,1
2026-01-03,2,202.2520284607753,short,offer,93.9,93.9,93.9,2__HLOND002,2__HLOND002,False,named_ispstack_id,BATTERY,2__HLOND,EDF Energy Customers Limited,S,53.123,Southern,144.93,144.93,144.93,309,,0.6,1
2026-01-03,3,82.06847400462964,short,offer,93.85,93.85,93.85,T_RICHB-2,T_RICHB-2,False,named_ispstack_id,OTHER,T_RICHB,Limejump Energy Limited,T,49.9,,126.8,126.8,126.8,162,,0.016666666666666666,1
2026-01-03,4,-11.216249814814814,long,bid,70.52,70.52,70.52,2__MSTAT001,2__MSTAT001,False,named_ispstack_id,BATTERY,2__MSTAT,Statkraft Markets Gmbh,S,50.0,Yorkshire,70.53,70.53,-70.53,7,2.0,-0.004166666666666667,1
2026-01-03,5,31.160333148148148,short,offer,93.85,93.85,93.85,2__HSTAT002,2__HSTAT002,False,named_ispstack_id,BATTERY,2__HSTAT,Statkraft Markets Gmbh,S,52.237,Southern,107.72,107.72,107.72,222,,0.1,1
2026-01-03,6,-260.1009998611111,long,bid,33.08144503597756,33.08144503597756,33.08144503597756,T_SHBA-1,T_SHBA-1,False,named_ispstack_id,CCGT,T_SHBA,EP UK INVESTMENTS LIMITED,T,821.4,,42.0,42.0,-42.0,3,1.0,-0.01429111111111111,1
2026-01-03,7,-283.63525254273503,long,bid,70.17,70.17,70.17,E_DOLLB-1,E_DOLLB-1,False,named_ispstack_id,OTHER,E_DOLLB,Dollymans Storage Limited,E,102.0,Eastern,73.0,73.0,-73.0,4,1.0,-4.861111111111e-06,1
2026-01-03,8,-379.73258321969695,long,bid,69.94697557385139,69.94697557385139,69.94697557385139,E_ILMEB-1,E_ILMEB-1,False,named_ispstack_id,BATTERY,E_ILMEB,Tesla Motors Limited,E,49.5,Eastern,78.34,78.34,-78.34,10,1.0,-0.000490138888888889,1
2026-01-03,9,-391.312650734127,long,bid,66.63,66.63,66.63,2__MCMRO002,2__MCMRO002,False,named_ispstack_id,OTHER,2__MCMRO,BGI Trading Limited,S,36.844,Yorkshire,78.33,78.33,-78.33,12,1.0,-0.000416666666666667,1
2026-01-03,10,-124.2626161976912,long,bid,26.71,26.71,26.71,E_SHOS-1,E_SHOS-1,False,named_ispstack_id,CCGT,E_SHOS,VPI Power Limited,E,460.0,South Eastern,63.1,63.1,-63.1,4,1.0,-0.001207619047619048,1
2026-01-03,11,-188.04891676619843,long,bid,71.07,71.07,71.07,2__HIMPO002,2__HIMPO002,False,named_ispstack_id,LOAD RESPONSE,2__HIMPO,SSE Energy Supply Limited,S,52.564,Southern,100.0,100.0,-100.0,19,1.0,-6.50840909091e-07,1
2026-01-03,12,-265.16521048076925,long,bid,48.44318977782128,48.44318977782128,48.44318977782128,E_SKELB-1,E_SKELB-1,False,named_ispstack_id,BATTERY,E_SKELB,Tesla Motors Limited,E,49.9,North Western,76.61,76.61,-76.61,5,1.0,-0.22368333333333335,3
2026-01-03,12,-265.16521048076925,long,bid,48.44318977782128,48.44318977782128,48.44318977782128,E_ILMEB-1,E_ILMEB-1,False,named_ispstack_id,BATTERY,E_ILMEB,Tesla Motors Limited,E,49.5,Eastern,76.61,76.61,-76.61,6,2.0,-0.14743472222222223,3
2026-01-03,12,-265.16521048076925,long,bid,48.44318977782128,48.44318977782128,48.44318977782128,2__MCMRO002,2__MCMRO002,False,named_ispstack_id,OTHER,2__MCMRO,BGI Trading Limited,S,36.844,Yorkshire,76.61,76.61,-76.61,7,3.0,-0.4255947222222222,3
2026-01-03,13,-181.7619275809592,long,bid,68.53,68.53,68.53,E_FARNB-1,E_FARNB-1,False,named_ispstack_id,BATTERY,E_FARNB,Tesla Motors Limited,E,20.0,Southern,80.98,80.98,-80.98,8,3.0,-0.001666666666666667,6
2026-01-03,13,-181.7619275809592,long,bid,68.53,68.53,68.53,E_HAWKB-1,E_HAWKB-1,False,named_ispstack_id,BATTERY,E_HAWKB,Tesla Motors Limited,E,20.0,Southern,80.98,80.98,-80.98,10,5.0,-0.005555555555555556,6
2026-01-03,13,-181.7619275809592,long,bid,68.53,68.53,68.53,E_SKELB-1,E_SKELB-1,False,named_ispstack_id,BATTERY,E_SKELB,Tesla Motors Limited,E,49.9,North Western,80.98,80.98,-80.98,11,6.0,-0.001666666666666667,6
2026-01-03,13,-181.7619275809592,long,bid,68.53,68.53,68.53,E_ILMEB-1,E_ILMEB-1,False,named_ispstack_id,BATTERY,E_ILMEB,Tesla Motors Limited,E,49.5,Eastern,80.98,80.98,-80.98,12,7.0,-0.005333333333333333,6
2026-01-03,13,-181.7619275809592,long,bid,68.53,68.53,68.53,E_CHAPB-1,E_CHAPB-1,False,named_ispstack_id,BATTERY,E_CHAPB,Tesla Motors Limited,E,50.169,Eastern,80.98,80.98,-80.98,14,9.0,-0.000833333333333333,6
2026-01-03,13,-181.7619275809592,long,bid,68.53,68.53,68.53,2__MCMRO002,2__MCMRO002,False,named_ispstack_id,OTHER,2__MCMRO,BGI Trading Limited,S,36.844,Yorkshire,80.98,80.98,-80.98,15,10.0,-0.002083333333333333,6
2026-01-03,14,-113.85025216435184,long,bid,71.45,71.45,71.45,T_THURB-3,T_THURB-3,False,named_ispstack_id,BATTERY,T_THURB,THURROCK STORAGE LIMITED,T,100.0,,76.0,76.0,-76.0,3,1.0,-0.016666666666666666,1
2026-01-03,15,-401.34683466435183,long,bid,61.61,61.61,61.61,T_KILSB-3,T_KILSB-3,False,named_ispstack_id,BATTERY,T_KILSB,ZENOBE KILMARNOCK SOUTH LTD,T,53.734,,73.27,73.27,-73.27,7,1.0,-0.21666666666666667,1
2026-01-03,16,-205.26994612373736,long,bid,51.88,51.88,51.88,T_KILSB-3,T_KILSB-3,False,named_ispstack_id,BATTERY,T_KILSB,ZENOBE KILMARNOCK SOUTH LTD,T,53.734,,73.27,73.27,-73.27,24,2.0,-3.9,1
2026-01-03,17,-132.41638053418802,long,bid,62.2,62.2,62.2,T_KILSB-3,T_KILSB-3,False,named_ispstack_id,BATTERY,T_KILSB,ZENOBE KILMARNOCK SOUTH LTD,T,53.734,,73.27,73.27,-73.27,12,1.0,-0.02638888888888889,1
2026-01-03,18,101.16207738095238,short,offer,93.9,93.9,93.9,2__HANGE005,2__HANGE005,False,named_ispstack_id,OTHER,2__HANGE_OTH,Limejump Energy Limited,S,101.899,Southern,105.17,105.17,105.17,117,,0.825,1
2026-01-03,19,-106.48872588095237,long,bid,79.17,79.17,79.17,T_KEAD-2,T_KEAD-2,False,named_ispstack_id,CCGT,T_KEAD,Keadby Generation Limited,T,890.0,,80.0,80.0,-80.0,1,1.0,-4.277777777778e-06,1
2026-01-03,20,193.4429125,short,offer,93.9,93.9,93.9,2__HIMPO002,2__HIMPO002,False,named_ispstack_id,LOAD RESPONSE,2__HIMPO,SSE Energy Supply Limited,S,52.564,Southern,107.0,107.0,107.0,109,,0.041666666666666664,1
2026-01-03,21,-5.853702916666665,long,bid,88.98,88.98,88.98,2__BFLEX004,2__BFLEX004,False,named_ispstack_id,LOAD RESPONSE,2__BFLEX,Flexitricity Limited,S,49.0,East Midlands,96.3,96.3,-96.3,67,1.0,-0.31666666666666665,1
2026-01-03,22,-56.368333333333325,long,bid,75.86,75.86,75.86,2__PLOND001,2__PLOND001,False,named_ispstack_id,OTHER,2__PLOND,EDF Energy Customers Limited,S,52.0,North Scotland,76.71,76.71,-76.71,7,1.0,-0.06666666666666667,1
2026-01-03,24,-152.47629109848484,long,bid,65.28991781403569,65.28991781403569,65.28991781403569,2__HIMPO002,2__HIMPO002,False,named_ispstack_id,LOAD RESPONSE,2__HIMPO,SSE Energy Supply Limited,S,52.564,Southern,85.0,85.0,-85.0,46,1.0,-0.008147777777777778,1
2026-01-03,25,42.92387875,short,offer,93.14989275921047,93.14989275921047,93.14989275921047,E_THMRB-1,E_THMRB-1,False,named_ispstack_id,BATTERY,E_THMRB,Tesla Motors Limited,E,49.5,Eastern,105.96,105.96,105.96,61,,0.1714277777777778,1
2026-01-03,26,-47.31713222026067,long,bid,67.83,67.83,67.83,E_BURWB-2,E_BURWB-2,False,named_ispstack_id,LOAD RESPONSE,E_BURWB,EDF Energy Customers Limited,E,52.0,Eastern,81.46,81.46,-81.46,56,2.0,-0.03333333333333333,1
2026-01-03,27,-37.81488888888889,long,bid,73.04999999999998,73.04999999999998,73.04999999999998,2__PLOND001,2__PLOND001,False,named_ispstack_id,OTHER,2__PLOND,EDF Energy Customers Limited,S,52.0,North Scotland,76.86,76.86,-76.86,56,2.0,-0.175,1
2026-01-03,28,115.01722553872052,short,offer,93.9,93.9,93.9,E_BHOLB-1,E_BHOLB-1,False,named_ispstack_id,BATTERY,E_BHOLB,Tesla Motors Limited,E,7.12,Southern,105.93,105.93,105.93,63,,0.23333333333333334,4
2026-01-03,28,115.01722553872052,short,offer,93.9,93.9,93.9,E_HAWKB-1,E_HAWKB-1,False,named_ispstack_id,BATTERY,E_HAWKB,Tesla Motors Limited,E,20.0,Southern,105.93,105.93,105.93,64,,1.1416666666666666,4
2026-01-03,28,115.01722553872052,short,offer,93.9,93.9,93.9,E_SKELB-1,E_SKELB-1,False,named_ispstack_id,BATTERY,E_SKELB,Tesla Motors Limited,E,49.9,North Western,105.93,105.93,105.93,66,,0.008333333333333333,4
2026-01-03,28,115.01722553872052,short,offer,93.9,93.9,93.9,E_CHAPB-1,E_CHAPB-1,False,named_ispstack_id,BATTERY,E_CHAPB,Tesla Motors Limited,E,50.169,Eastern,105.93,105.93,105.93,67,,2.0416666666666665,4
2026-01-03,29,284.24367341550425,short,offer,96.7,96.7,96.7,E_SUDME-1,E_SUDME-1,False,named_ispstack_id,DIESEL,E_SUDME,Conrad Energy (Trading) Ltd,E,40.0,Midlands,124.99,124.99,124.99,204,,2.2666666666666666,1
2026-01-03,30,324.0042443254244,short,offer,100.0,100.0,100.0,T_RICHB-2,T_RICHB-2,False,named_ispstack_id,OTHER,T_RICHB,Limejump Energy Limited,T,49.9,,128.45,128.45,128.45,372,,0.225,1
2026-01-03,31,112.56272251984127,short,offer,100.0,100.0,100.0,T_THURB-1,T_THURB-1,False,named_ispstack_id,BATTERY,T_THURB,THURROCK STORAGE LIMITED,T,100.0,,130.09,130.09,130.09,325,,0.4,1
2026-01-03,32,436.6669462301587,short,offer,107.0,107.0,107.0,T_LARKB-1,T_LARKB-1,False,named_ispstack_id,OTHER,T_LARKB,EDF Energy Customers Limited,T,52.0,,125.81,125.81,125.81,247,,0.25,1
2026-01-03,33,85.03374802205843,short,offer,100.0,100.0,100.0,2__GCMRO002,2__GCMRO002,False,named_ispstack_id,OTHER,2__GCMRO,BGI Trading Limited,S,14.0,North Western,129.48,129.48,129.48,242,,0.006666666666666667,1
2026-01-03,34,540.5793510858585,short,offer,107.0,107.0,107.0,2__ASTAT005,2__ASTAT005,False,named_ispstack_id,BATTERY,2__ASTAT_B,Statkraft Markets Gmbh,S,51.313,Eastern,144.0,144.0,144.0,325,,0.2916666666666667,1
2026-01-03,35,600.7795195833334,short,offer,109.0,109.0,109.0,2__HSTAT007,2__HSTAT007,False,named_ispstack_id,BATTERY,2__HSTAT,Statkraft Markets Gmbh,S,40.0,Southern,197.46,197.46,197.46,330,,1.125,2
2026-01-03,35,600.7795195833334,short,offer,109.0,109.0,109.0,T_THURB-1,T_THURB-1,False,named_ispstack_id,BATTERY,T_THURB,THURROCK STORAGE LIMITED,T,100.0,,197.46,197.46,197.46,332,,2.6,2
2026-01-03,36,654.7271375,short,offer,109.0,109.0,109.0,2__HSTAT007,2__HSTAT007,False,named_ispstack_id,BATTERY,2__HSTAT,Statkraft Markets Gmbh,S,40.0,Southern,197.46,197.46,197.46,316,,0.225,1
2026-01-03,37,414.26083075234794,short,offer,107.0,107.0,107.0,T_PINFB-1,T_PINFB-1,False,named_ispstack_id,BATTERY,T_PINFB_B,Zenobe Capenhurst Limited,T,27.08,,164.63,164.63,164.63,311,,0.38333333333333336,2
2026-01-03,37,414.26083075234794,short,offer,107.0,107.0,107.0,T_PINFB-3,T_PINFB-3,False,named_ispstack_id,OTHER,T_PINFB_OTH,Zenobe Capenhurst Limited,T,26.0,,164.63,164.63,164.63,315,,0.05,2
2026-01-03,38,317.30103205555554,short,offer,107.0,107.0,107.0,2__ASTAT005,2__ASTAT005,False,named_ispstack_id,BATTERY,2__ASTAT_B,Statkraft Markets Gmbh,S,51.313,Eastern,168.11,168.11,168.11,353,,0.36666666666666664,1
2026-01-03,39,175.09308694444445,short,offer,100.0,100.0,100.0,T_THURB-1,T_THURB-1,False,named_ispstack_id,BATTERY,T_THURB,THURROCK STORAGE LIMITED,T,100.0,,164.91,164.91,164.91,73,,0.2165661111111111,1
2026-01-03,40,153.54493596560843,short,offer,100.0,100.0,100.0,T_DINO-6,T_DINO-6,False,named_ispstack_id,PS,T_DINO,First Hydro Company,T,320.0,,129.0,129.0,129.0,30,,5.0,1
2026-01-03,41,112.49524219696968,short,offer,99.9,99.9,99.9,T_DINO-1,T_DINO-1,False,named_ispstack_id,PS,T_DINO,First Hydro Company,T,320.0,,131.0,131.0,131.0,43,,5.0,1
2026-01-03,42,43.12577766666666,short,offer,99.9,99.9,99.9,T_DINO-6,T_DINO-6,False,named_ispstack_id,PS,T_DINO,First Hydro Company,T,320.0,,133.0,133.0,133.0,44,,6.25,1
2026-01-03,43,485.65129590277775,short,offer,100.0,100.0,100.0,T_DINO-6,T_DINO-6,False,named_ispstack_id,PS,T_DINO,First Hydro Company,T,320.0,,133.0,133.0,133.0,59,,5.0,1
2026-01-03,44,142.4287461111111,short,offer,99.9,99.9,99.9,T_STAY-4,T_STAY-4,False,named_ispstack_id,CCGT,T_STAY,RWE Generation UK plc,T,464.0,,130.0,130.0,130.0,24,,9.0,2
2026-01-03,44,142.4287461111111,short,offer,99.9,99.9,99.9,T_FFES-1,T_FFES-1,False,named_ispstack_id,PS,T_FFES,First Hydro Company,T,91.033,,130.0,130.0,130.0,27,,3.0,2
2026-01-03,45,-82.775,long,bid,74.76,74.76,74.76,E_CONTB-1,E_CONTB-1,False,named_ispstack_id,BATTERY,E_CONTB,Tesla Motors Limited,E,35.8,South Eastern,93.99,93.99,-93.99,84,1.0,-0.011111666666666667,1
2026-01-03,46,-415.6843794919481,long,bid,65.1,65.1,65.1,E_FARNB-1,E_FARNB-1,False,named_ispstack_id,BATTERY,E_FARNB,Tesla Motors Limited,E,20.0,Southern,76.52,76.52,-76.52,118,3.0,-1.1666666666666667,8
2026-01-03,46,-415.6843794919481,long,bid,65.1,65.1,65.1,E_BHOLB-1,E_BHOLB-1,False,named_ispstack_id,BATTERY,E_BHOLB,Tesla Motors Limited,E,7.12,Southern,76.52,76.52,-76.52,123,8.0,-0.041666666666666664,8
2026-01-03,46,-415.6843794919481,long,bid,65.1,65.1,65.1,E_HAWKB-1,E_HAWKB-1,False,named_ispstack_id,BATTERY,E_HAWKB,Tesla Motors Limited,E,20.0,Southern,76.52,76.52,-76.52,127,12.0,-1.1666666666666667,8
2026-01-03,46,-415.6843794919481,long,bid,65.1,65.1,65.1,E_SKELB-1,E_SKELB-1,False,named_ispstack_id,BATTERY,E_SKELB,Tesla Motors Limited,E,49.9,North Western,76.52,76.52,-76.52,130,15.0,-2.8583333333333334,8
2026-01-03,46,-415.6843794919481,long,bid,65.1,65.1,65.1,E_ILMEB-1,E_ILMEB-1,False,named_ispstack_id,BATTERY,E_ILMEB,Tesla Motors Limited,E,49.5,Eastern,76.52,76.52,-76.52,133,18.0,-2.8,8
2026-01-03,46,-415.6843794919481,long,bid,65.1,65.1,65.1,E_THMRB-1,E_THMRB-1,False,named_ispstack_id,BATTERY,E_THMRB,Tesla Motors Limited,E,49.5,Eastern,76.52,76.52,-76.52,136,21.0,-2.8583333333333334,8
2026-01-03,46,-415.6843794919481,long,bid,65.1,65.1,65.1,E_CHAPB-1,E_CHAPB-1,False,named_ispstack_id,BATTERY,E_CHAPB,Tesla Motors Limited,E,50.169,Eastern,76.52,76.52,-76.52,139,24.0,-2.8583333333333334,8
2026-01-03,46,-415.6843794919481,long,bid,65.1,65.1,65.1,2__MCMRO002,2__MCMRO002,False,named_ispstack_id,OTHER,2__MCMRO,BGI Trading Limited,S,36.844,Yorkshire,76.52,76.52,-76.52,143,28.0,-1.75,8
2026-01-03,47,37.28100642973856,short,offer,93.0,93.0,93.0,T_SVRP-10,T_SVRP-10,False,named_ispstack_id,CCGT,T_SVRP,Severn Power Limited,T,425.0,,110.0,110.0,110.0,16,,6.534,1
2026-01-03,48,-55.66095638558201,long,bid,76.54,76.54,76.54,2__MCMRO002,2__MCMRO002,False,named_ispstack_id,OTHER,2__MCMRO,BGI Trading Limited,S,36.844,Yorkshire,78.99,78.99,-78.99,77,1.0,-0.000238194444444444,1
2026-01-04,1,284.75304999115053,short,offer,95.0,95.0,95.0,T_SVRP-10,T_SVRP-10,False,named_ispstack_id,CCGT,T_SVRP,Severn Power Limited,T,425.0,,110.0,110.0,110.0,14,,6.534,1
2026-01-04,2,588.8220827777777,short,offer,95.0,95.0,95.0,T_SVRP-10,T_SVRP-10,False,named_ispstack_id,CCGT,T_SVRP,Severn Power Limited,T,425.0,,110.0,110.0,110.0,23,,44.45766666666667,1
2026-01-04,3,749.9059862626144,short,offer,96.0,96.0,96.0,T_DINO-6,T_DINO-6,False,named_ispstack_id,PS,T_DINO,First Hydro Company,T,320.0,,123.0,123.0,123.0,30,,9.166666666666666,1
2026-01-04,4,378.22882517475966,short,offer,95.0,95.0,95.0,T_DINO-6,T_DINO-6,False,named_ispstack_id,PS,T_DINO,First Hydro Company,T,320.0,,123.0,123.0,123.0,16,,20.55,1
2026-01-04,5,152.70277777777778,short,offer,92.9,92.9,92.9,T_DINO-6,T_DINO-6,False,named_ispstack_id,PS,T_DINO,First Hydro Company,T,320.0,,123.0,123.0,123.0,17,,18.2,1
2026-01-04,6,33.733333333333334,short,offer,92.9,92.9,92.9,T_SUTB-1,T_SUTB-1,False,named_ispstack_id,CCGT,T_SUTB,SUTTON BRIDGE POWER GENERATION,T,850.0,,96.0,96.0,96.0,7,,51.833333333333336,1
2026-01-04,7,-3.054175972222222,long,bid,72.0,72.0,72.0,E_FARNB-1,E_FARNB-1,False,named_ispstack_id,BATTERY,E_FARNB,Tesla Motors Limited,E,20.0,Southern,72.01,72.01,-72.01,9,1.0,-0.175,2
2026-01-04,7,-3.054175972222222,long,bid,72.0,72.0,72.0,E_THMRB-1,E_THMRB-1,False,named_ispstack_id,BATTERY,E_THMRB,Tesla Motors Limited,E,49.5,Eastern,72.01,72.01,-72.01,10,2.0,-0.175,2
2026-01-04,8,170.5883333333333,short,offer,93.0,93.0,93.0,T_DINO-6,T_DINO-6,False,named_ispstack_id,PS,T_DINO,First Hydro Company,T,320.0,,123.0,123.0,123.0,10,,9.033333333333333,1
2026-01-04,9,99.875,short,offer,92.9,92.9,92.9,T_SUTB-1,T_SUTB-1,False,named_ispstack_id,CCGT,T_SUTB,SUTTON BRIDGE POWER GENERATION,T,850.0,,96.0,96.0,96.0,5,,51.833333333333336,1
2026-01-04,10,265.9667914285714,short,offer,93.0,93.0,93.0,T_SUTB-1,T_SUTB-1,False,named_ispstack_id,CCGT,T_SUTB,SUTTON BRIDGE POWER GENERATION,T,850.0,,96.0,96.0,96.0,5,,51.833333333333336,1
2026-01-04,11,260.8723677777777,short,offer,95.9,95.9,95.9,T_SUTB-1,T_SUTB-1,False,named_ispstack_id,CCGT,T_SUTB,SUTTON BRIDGE POWER GENERATION,T,850.0,,96.0,96.0,96.0,5,,51.833333333333336,1
2026-01-04,12,89.991197739899,short,offer,93.0,93.0,93.0,T_COSO-1,T_COSO-1,False,named_ispstack_id,CCGT,T_COSO,Coryton Energy Company Ltd,T,856.186,,99.0,99.0,99.0,7,,0.5,1
2026-01-04,13,199.8114898989899,short,offer,96.0,96.0,96.0,T_CDCL-1,T_CDCL-1,False,named_ispstack_id,CCGT,T_CDCL,Uniper UK Limited,T,445.0,,99.9,99.9,99.9,8,,44.375,1
2026-01-04,14,228.37015135478472,short,offer,96.0,96.0,96.0,T_CDCL-1,T_CDCL-1,False,named_ispstack_id,CCGT,T_CDCL,Uniper UK Limited,T,445.0,,99.9,99.9,99.9,11,,44.375,1
2026-01-04,15,183.66584097384097,short,offer,98.9,98.9,98.9,E_SHOS-1,E_SHOS-1,False,named_ispstack_id,CCGT,E_SHOS,VPI Power Limited,E,460.0,South Eastern,99.6,99.6,99.6,19,,110.0,1
2026-01-04,16,216.32604242191496,short,offer,98.9,98.9,98.9,T_SVRP-20,T_SVRP-20,False,named_ispstack_id,CCGT,T_SVRP,Severn Power Limited,T,425.0,,100.0,100.0,100.0,11,,12.15,1
2026-01-04,17,282.8159435042735,short,offer,98.9,98.9,98.9,T_GRAI-7,T_GRAI-7,False,named_ispstack_id,CCGT,T_GRAI,Uniper UK Limited,T,468.0,,104.4,104.4,104.4,28,,9.375,1
2026-01-04,18,548.7292751807561,short,offer,99.6,99.6,99.6,T_SVRP-20,T_SVRP-20,False,named_ispstack_id,CCGT,T_SVRP,Severn Power Limited,T,425.0,,100.0,100.0,100.0,42,,6.841666666666667,1
2026-01-04,19,91.6967479730408,short,offer,98.9,98.9,98.9,T_KILSB-5,T_KILSB-5,False,named_ispstack_id,BATTERY,T_KILSB,ZENOBE KILMARNOCK SOUTH LTD,T,50.856,,116.65,116.65,116.65,21,,3.66248097412e-07,1
2026-01-04,20,562.1578873353327,short,offer,99.5,99.5,99.5,T_NURSB-1,T_NURSB-1,False,named_ispstack_id,BATTERY,T_NURSB,EDF Energy Customers Limited,T,48.0,,144.03,144.03,144.03,22,,4.0849673203e-08,1
2026-01-04,21,219.7390459722222,short,offer,99.0,99.0,99.0,E_LITRB-1,E_LITRB-1,False,named_ispstack_id,BATTERY,E_LITRB,Tesla Motors Limited,E,50.0,South Scotland,104.99,104.99,104.99,52,,0.003703888888888889,1
2026-01-04,22,79.421840625,short,offer,98.0,98.0,98.0,T_DRAXX-3,T_DRAXX-3,False,named_ispstack_id,BIOMASS,T_DRAXX,Drax Power Ltd,T,661.4,,110.0,110.0,110.0,21,,0.10964895833333334,1
2026-01-04,23,213.3049976388889,short,offer,98.9,98.9,98.9,T_DRAXX-4,T_DRAXX-4,False,named_ispstack_id,BIOMASS,T_DRAXX,Drax Power Ltd,T,645.0,,112.5,112.5,112.5,18,,0.034722222222222224,1
2026-01-04,24,45.927300446428575,short,offer,98.0,98.0,98.0,T_NURSB-1,T_NURSB-1,False,named_ispstack_id,BATTERY,T_NURSB,EDF Energy Customers Limited,T,48.0,,124.39,124.39,124.39,20,,1.527777777778e-06,1
2026-01-04,25,-233.76954773809524,long,bid,65.28,65.28,65.28,E_BARNB-1,E_BARNB-1,False,named_ispstack_id,BATTERY,E_BARNB,EDF Energy Customers Limited,E,44.0,Yorkshire,96.1,96.1,-96.1,156,5.0,-0.11666666666666667,1
2026-01-04,26,-139.31215237618562,long,bid,71.72,71.72,71.72,T_KILSB-2,T_KILSB-2,False,named_ispstack_id,BATTERY,T_KILSB,ZENOBE KILMARNOCK SOUTH LTD,T,51.894,,84.78,84.78,-84.78,154,6.0,-2.5123466666666667,1
2026-01-04,27,0.5972947222222222,short,offer,98.0,98.0,98.0,T_CNQPS-3,T_CNQPS-3,False,named_ispstack_id,CCGT,T_CNQPS,Uniper UK Limited,T,352.0,,140.0,140.0,140.0,18,,3.125,1
2026-01-04,28,-83.76149589852038,long,bid,69.62,69.62,69.62,E_BARNB-1,E_BARNB-1,False,named_ispstack_id,BATTERY,E_BARNB,EDF Energy Customers Limited,E,44.0,Yorkshire,81.8,81.8,-81.8,218,6.0,-0.5,1
2026-01-04,29,252.05323231467904,short,offer,98.0,98.0,98.0,T_KEMB-1,T_KEMB-1,False,named_ispstack_id,LOAD RESPONSE,T_KEMB,EDF Energy Customers Limited,T,35.468,,143.64,143.64,143.64,23,,4.16666666667e-07,1
2026-01-04,30,-251.7734083461438,long,bid,67.63107824363433,67.63107824363433,67.63107824363433,E_CLAYB-1,E_CLAYB-1,False,named_ispstack_id,BATTERY,E_CLAYB,Tesla Motors Limited,E,49.5,Eastern,75.15,75.15,-75.15,71,2.0,-0.4083333333333333,1
2026-01-04,31,193.43117168287648,short,offer,93.64,93.64,93.64,T_DAMC-1,T_DAMC-1,False,named_ispstack_id,CCGT,T_DAMC,VPI Power Limited,T,820.0,,133.85,133.85,133.85,17,,112.88620689655173,1
2026-01-04,32,531.8776853494624,short,offer,110.0,110.0,110.0,T_DAMC-1,T_DAMC-1,False,named_ispstack_id,CCGT,T_DAMC,VPI Power Limited,T,820.0,,133.85,133.85,133.85,21,,224.0,1
2026-01-04,33,591.6113263888889,short,offer,111.43,111.43,111.43,T_DAMC-1,T_DAMC-1,False,named_ispstack_id,CCGT,T_DAMC,VPI Power Limited,T,820.0,,133.85,133.85,133.85,23,,240.0,1
2026-01-04,34,846.9539166666667,short,offer,115.0,115.0,115.0,T_DAMC-1,T_DAMC-1,False,named_ispstack_id,CCGT,T_DAMC,VPI Power Limited,T,820.0,,133.85,133.85,133.85,27,,240.0,1
2026-01-04,35,875.6853137499999,short,offer,125.0,125.0,125.0,T_DAMC-1,T_DAMC-1,False,named_ispstack_id,CCGT,T_DAMC,VPI Power Limited,T,820.0,,133.85,133.85,133.85,76,,240.0,1
2026-01-04,36,785.446243888889,short,offer,125.0,125.0,125.0,T_DAMC-1,T_DAMC-1,False,named_ispstack_id,CCGT,T_DAMC,VPI Power Limited,T,820.0,,133.85,133.85,133.85,67,,240.0,1
2026-01-04,37,495.85162220238095,short,offer,113.99,113.99,113.99,T_DAMC-1,T_DAMC-1,False,named_ispstack_id,CCGT,T_DAMC,VPI Power Limited,T,820.0,,133.85,133.85,133.85,23,,240.0,1
2026-01-04,38,459.03066319444446,short,offer,114.28,114.28,114.28,T_DAMC-1,T_DAMC-1,False,named_ispstack_id,CCGT,T_DAMC,VPI Power Limited,T,820.0,,133.85,133.85,133.85,18,,3.0,1
2026-01-04,39,-7.749440833333331,long,bid,79.03,79.03,79.03,E_FARNB-1,E_FARNB-1,False,named_ispstack_id,BATTERY,E_FARNB,Tesla Motors Limited,E,20.0,Southern,79.03,79.03,-79.03,94,5.0,-3.1416666666666666,9
2026-01-04,39,-7.749440833333331,long,bid,79.03,79.03,79.03,E_BHOLB-1,E_BHOLB-1,False,named_ispstack_id,BATTERY,E_BHOLB,Tesla Motors Limited,E,7.12,Southern,79.03,79.03,-79.03,98,9.0,-0.8083333333333333,9
2026-01-04,39,-7.749440833333331,long,bid,79.03,79.03,79.03,E_CONTB-1,E_CONTB-1,False,named_ispstack_id,BATTERY,E_CONTB,Tesla Motors Limited,E,35.8,South Eastern,79.03,79.03,-79.03,102,13.0,-0.225,9
2026-01-04,39,-7.749440833333331,long,bid,79.03,79.03,79.03,E_HAWKB-1,E_HAWKB-1,False,named_ispstack_id,BATTERY,E_HAWKB,Tesla Motors Limited,E,20.0,Southern,79.03,79.03,-79.03,109,20.0,-0.16666666666666666,9
2026-01-04,39,-7.749440833333331,long,bid,79.03,79.03,79.03,E_SKELB-1,E_SKELB-1,False,named_ispstack_id,BATTERY,E_SKELB,Tesla Motors Limited,E,49.9,North Western,79.03,79.03,-79.03,114,25.0,-3.2666666666666666,9
2026-01-04,39,-7.749440833333331,long,bid,79.03,79.03,79.03,E_ILMEB-1,E_ILMEB-1,False,named_ispstack_id,BATTERY,E_ILMEB,Tesla Motors Limited,E,49.5,Eastern,79.03,79.03,-79.03,118,29.0,-0.4083333333333333,9
2026-01-04,39,-7.749440833333331,long,bid,79.03,79.03,79.03,E_THMRB-1,E_THMRB-1,False,named_ispstack_id,BATTERY,E_THMRB,Tesla Motors Limited,E,49.5,Eastern,79.03,79.03,-79.03,124,35.0,-0.4083333333333333,9
2026-01-04,39,-7.749440833333331,long,bid,79.03,79.03,79.03,E_CHAPB-1,E_CHAPB-1,False,named_ispstack_id,BATTERY,E_CHAPB,Tesla Motors Limited,E,50.169,Eastern,79.03,79.03,-79.03,130,41.0,-0.4083333333333333,9
2026-01-04,39,-7.749440833333331,long,bid,79.03,79.03,79.03,2__MCMRO002,2__MCMRO002,False,named_ispstack_id,OTHER,2__MCMRO,BGI Trading Limited,S,36.844,Yorkshire,79.03,79.03,-79.03,136,47.0,-2.341666666666667,9
2026-01-04,40,34.94490962962963,short,offer,100.0,100.0,100.0,T_DAMC-1,T_DAMC-1,False,named_ispstack_id,CCGT,T_DAMC,VPI Power Limited,T,820.0,,133.85,133.85,133.85,26,,3.0,1
2026-01-04,41,187.33530666666664,short,offer,103.5,103.5,103.5,T_KILSB-2,T_KILSB-2,False,named_ispstack_id,BATTERY,T_KILSB,ZENOBE KILMARNOCK SOUTH LTD,T,51.894,,179.74,179.74,179.74,41,,8.33333333333e-07,1
2026-01-04,42,-33.57349368686869,long,bid,71.15,71.15,71.15,E_CONTB-1,E_CONTB-1,False,named_ispstack_id,BATTERY,E_CONTB,Tesla Motors Limited,E,35.8,South Eastern,80.29,80.29,-80.29,83,3.0,-1.65,1
2026-01-04,43,71.1215947979798,short,offer,99.36000000000001,99.36000000000001,99.36000000000001,T_DAMC-1,T_DAMC-1,False,named_ispstack_id,CCGT,T_DAMC,VPI Power Limited,T,820.0,,104.9,104.9,104.9,19,,10.083333333333334,1
2026-01-04,44,88.6153802910053,short,offer,99.36000000000001,99.36000000000001,99.36000000000001,T_DAMC-1,T_DAMC-1,False,named_ispstack_id,CCGT,T_DAMC,VPI Power Limited,T,820.0,,103.4,103.4,103.4,20,,10.083333333333334,1
2026-01-04,45,-190.6363888888889,long,bid,70.1,70.1,70.1,T_PINFB-3,T_PINFB-3,False,named_ispstack_id,OTHER,T_PINFB_OTH,Zenobe Capenhurst Limited,T,26.0,,79.94,79.94,-79.94,30,1.0,-0.7333333333333333,2
2026-01-04,45,-190.6363888888889,long,bid,70.1,70.1,70.1,T_PINFB-4,T_PINFB-4,False,named_ispstack_id,BATTERY,T_PINFB_B,Zenobe Capenhurst Limited,T,26.0,,79.94,79.94,-79.94,31,2.0,-0.9166666666666666,2
2026-01-04,46,-330.627830297619,long,bid,67.9685810553367,67.9685810553367,67.9685810553367,T_BLHLB-3,T_BLHLB-3,False,named_ispstack_id,BATTERY,T_BLHLB_B,ZENOBE BLACKHILLOCK LIMITED,T,54.0,,76.72,76.72,-76.72,34,2.0,-0.10833333333333334,1
2026-01-04,47,-662.2820826388888,long,bid,67.0,67.0,67.0,E_BURWB-2,E_BURWB-2,False,named_ispstack_id,LOAD RESPONSE,E_BURWB,EDF Energy Customers Limited,E,52.0,Eastern,83.35,83.35,-83.35,98,2.0,-0.4166666666666667,1
2026-01-04,48,-408.503125,long,bid,70.12,70.12,70.12,T_KILSB-3,T_KILSB-3,False,named_ispstack_id,BATTERY,T_KILSB,ZENOBE KILMARNOCK SOUTH LTD,T,53.734,,82.96,82.96,-82.96,21,2.0,-0.004166666666666667,1
2026-01-05,1,-327.02679262672814,long,bid,68.15,68.15,68.15,T_CNQPS-4,T_CNQPS-4,False,named_ispstack_id,CCGT,T_CNQPS,Uniper UK Limited,T,352.0,,70.13,70.13,-70.13,9,2.0,-28.875,4
2026-01-05,1,-327.02679262672814,long,bid,68.15,68.15,68.15,T_GRAI-6,T_GRAI-6,False,named_ispstack_id,CCGT,T_GRAI,Uniper UK Limited,T,468.0,,70.13,70.13,-70.13,10,3.0,-2.9166666666666665,4
2026-01-05,1,-327.02679262672814,long,bid,68.15,68.15,68.15,T_GRAI-7,T_GRAI-7,False,named_ispstack_id,CCGT,T_GRAI,Uniper UK Limited,T,468.0,,70.13,70.13,-70.13,11,4.0,-12.65,4
2026-01-05,1,-327.02679262672814,long,bid,68.15,68.15,68.15,T_GRAI-8,T_GRAI-8,False,named_ispstack_id,CCGT,T_GRAI,Uniper UK Limited,T,468.0,,70.13,70.13,-70.13,12,5.0,-2.4166666666666665,4
2026-01-05,2,-41.56639784946236,long,bid,70.16,70.16,70.16,T_CNQPS-4,T_CNQPS-4,False,named_ispstack_id,CCGT,T_CNQPS,Uniper UK Limited,T,352.0,,70.16,70.16,-70.16,3,2.0,-28.875,1
2026-01-05,3,58.0425,short,offer,95.3,95.3,95.3,2__GCMRO002,2__GCMRO002,False,named_ispstack_id,OTHER,2__GCMRO,BGI Trading Limited,S,14.0,North Western,98.95,98.95,98.95,21,,0.008333333333333333,1
2026-01-05,4,-141.27777777777777,long,bid,70.15,70.15,70.15,T_CDCL-1,T_CDCL-1,False,named_ispstack_id,CCGT,T_CDCL,Uniper UK Limited,T,445.0,,70.16,70.16,-70.16,3,2.0,-46.75,2
2026-01-05,4,-141.27777777777777,long,bid,70.15,70.15,70.15,T_CNQPS-4,T_CNQPS-4,False,named_ispstack_id,CCGT,T_CNQPS,Uniper UK Limited,T,352.0,,70.16,70.16,-70.16,5,4.0,-32.375,2
2026-01-05,5,24.44444444444444,short,offer,96.0,96.0,96.0,T_DAMC-1,T_DAMC-1,False,named_ispstack_id,CCGT,T_DAMC,VPI Power Limited,T,820.0,,96.9,96.9,96.9,5,,240.0,1
2026-01-05,6,-17.983333333333334,long,bid,70.16,70.16,70.16,T_CDCL-1,T_CDCL-1,False,named_ispstack_id,CCGT,T_CDCL,Uniper UK Limited,T,445.0,,70.16,70.16,-70.16,3,1.0,-3.1,2
2026-01-05,6,-17.983333333333334,long,bid,70.16,70.16,70.16,T_CNQPS-4,T_CNQPS-4,False,named_ispstack_id,CCGT,T_CNQPS,Uniper UK Limited,T,352.0,,70.16,70.16,-70.16,6,4.0,-14.875,2
2026-01-05,7,-72.2709677419355,long,bid,70.17,70.17,70.17,T_WBURB-2,T_WBURB-2,False,named_ispstack_id,CCGT,T_WBURB_CC,West Burton B Limited,T,470.0,,70.17,70.17,-70.17,9,2.0,-16.008333333333333,2
2026-01-05,7,-72.2709677419355,long,bid,70.17,70.17,70.17,T_WBURB-3,T_WBURB-3,False,named_ispstack_id,CCGT,T_WBURB_CC,West Burton B Limited,T,470.0,,70.17,70.17,-70.17,11,4.0,-4.2,2
2026-01-05,8,-92.41484243773945,long,bid,70.17,70.17,70.17,T_SHBA-2,T_SHBA-2,False,named_ispstack_id,CCGT,T_SHBA,EP UK INVESTMENTS LIMITED,T,580.0,,70.2,70.2,-70.2,17,3.0,-4.930555555555555,2
2026-01-05,8,-92.41484243773945,long,bid,70.17,70.17,70.17,T_SHBA-1,T_SHBA-1,False,named_ispstack_id,CCGT,T_SHBA,EP UK INVESTMENTS LIMITED,T,821.4,,70.2,70.2,-70.2,18,4.0,-0.25833333333333336,2
2026-01-05,9,-186.99722222222223,long,bid,70.2,70.2,70.2,E_FARNB-1,E_FARNB-1,False,named_ispstack_id,BATTERY,E_FARNB,Tesla Motors Limited,E,20.0,Southern,72.12,72.12,-72.12,19,1.0,-0.675,2
2026-01-05,9,-186.99722222222223,long,bid,70.2,70.2,70.2,E_CHAPB-1,E_CHAPB-1,False,named_ispstack_id,BATTERY,E_CHAPB,Tesla Motors Limited,E,50.169,Eastern,72.12,72.12,-72.12,20,2.0,-1.7416666666666667,2
2026-01-05,10,-206.51677373677248,long,bid,70.21,70.21,70.21,T_CDCL-1,T_CDCL-1,False,named_ispstack_id,CCGT,T_CDCL,Uniper UK Limited,T,445.0,,70.21,70.21,-70.21,17,3.0,-7.118055555555555,5
2026-01-05,10,-206.51677373677248,long,bid,70.21,70.21,70.21,T_CNQPS-4,T_CNQPS-4,False,named_ispstack_id,CCGT,T_CNQPS,Uniper UK Limited,T,352.0,,70.21,70.21,-70.21,19,5.0,-14.875,5
2026-01-05,10,-206.51677373677248,long,bid,70.21,70.21,70.21,T_GRAI-6,T_GRAI-6,False,named_ispstack_id,CCGT,T_GRAI,Uniper UK Limited,T,468.0,,70.21,70.21,-70.21,22,8.0,-0.8333333333333334,5
2026-01-05,10,-206.51677373677248,long,bid,70.21,70.21,70.21,T_GRAI-7,T_GRAI-7,False,named_ispstack_id,CCGT,T_GRAI,Uniper UK Limited,T,468.0,,70.21,70.21,-70.21,25,11.0,-2.216666666666667,5
2026-01-05,10,-206.51677373677248,long,bid,70.21,70.21,70.21,T_GRAI-8,T_GRAI-8,False,named_ispstack_id,CCGT,T_GRAI,Uniper UK Limited,T,468.0,,70.21,70.21,-70.21,28,14.0,-1.3904761904761904,5
2026-01-05,11,4.268253968253968,short,offer,96.0,96.0,96.0,T_DAMC-1,T_DAMC-1,False,named_ispstack_id,CCGT,T_DAMC,VPI Power Limited,T,820.0,,116.9,116.9,116.9,3,,240.0,1
2026-01-05,12,-565.5932311069284,long,bid,70.2,70.2,70.2,E_FARNB-1,E_FARNB-1,False,named_ispstack_id,BATTERY,E_FARNB,Tesla Motors Limited,E,20.0,Southern,77.02,77.02,-77.02,193,7.0,-0.3,3
2026-01-05,12,-565.5932311069284,long,bid,70.2,70.2,70.2,E_HAWKB-1,E_HAWKB-1,False,named_ispstack_id,BATTERY,E_HAWKB,Tesla Motors Limited,E,20.0,Southern,77.02,77.02,-77.02,197,11.0,-0.7588541666666667,3
2026-01-05,12,-565.5932311069284,long,bid,70.2,70.2,70.2,E_CHAPB-1,E_CHAPB-1,False,named_ispstack_id,BATTERY,E_CHAPB,Tesla Motors Limited,E,50.169,Eastern,77.02,77.02,-77.02,202,16.0,-0.016666666666666666,3
2026-01-05,13,-452.2696267297517,long,bid,70.2,70.2,70.2,T_LKSDB-1,T_LKSDB-1,False,named_ispstack_id,OTHER,T_LKSDB,Lakeside Energy Storage Ltd,T,105.0,,72.0,72.0,-72.0,63,1.0,-0.375,1
2026-01-05,14,-105.82673749278499,long,bid,70.22,70.22,70.22,T_PINFB-2,T_PINFB-2,False,named_ispstack_id,OTHER,T_PINFB_OTH,Zenobe Capenhurst Limited,T,26.0,,110.08,110.08,-110.08,102,1.0,-1.0333333333333334,1
2026-01-05,15,75.86317953523329,short,offer,150.0,150.0,150.0,T_SVRP-20,T_SVRP-20,False,named_ispstack_id,CCGT,T_SVRP,Severn Power Limited,T,425.0,,150.0,150.0,150.0,11,,85.125,1
2026-01-05,16,1075.6106453535351,short,offer,150.0,150.0,150.0,T_SVRP-20,T_SVRP-20,False,named_ispstack_id,CCGT,T_SVRP,Severn Power Limited,T,425.0,,150.0,150.0,150.0,4,,108.5,1
2026-01-05,17,909.535476190476,short,offer,151.69,151.69,151.69,40,I_IBG-VOLT1,True,disbsad_energy_asset,INTERCONNECTOR,I_IBG-VOLT,Volta Energy DAC,I,,,157.0,157.0,157.0,14,,26.0,1
2026-01-05,18,635.3260802231273,short,offer,149.710101010101,149.710101010101,149.710101010101,T_COWB-1,T_COWB-1,False,named_ispstack_id,OTHER,T_COWB,Pivoted Power LLP,T,50.431,,202.57,202.57,202.57,26,,3.28947368421e-07,1
2026-01-05,19,322.90568107142855,short,offer,141.54,141.54,141.54,T_SVRP-20,T_SVRP-20,False,named_ispstack_id,CCGT,T_SVRP,Severn Power Limited,T,425.0,,150.0,150.0,150.0,21,,0.058333333333333334,1
2026-01-05,20,383.7834017094017,short,offer,142.64,142.64,142.64,T_SVRP-20,T_SVRP-20,False,named_ispstack_id,CCGT,T_SVRP,Severn Power Limited,T,425.0,,150.0,150.0,150.0,17,,0.327816641025641,1
2026-01-05,21,566.4959892628206,short,offer,136.95,136.95,136.95,T_SVRP-20,T_SVRP-20,False,named_ispstack_id,CCGT,T_SVRP,Severn Power Limited,T,425.0,,150.0,150.0,150.0,26,,5.4,1
2026-01-05,22,641.7325,short,offer,138.08,138.08,138.08,T_SVRP-20,T_SVRP-20,False,named_ispstack_id,CCGT,T_SVRP,Severn Power Limited,T,425.0,,150.0,150.0,150.0,26,,63.575,1
2026-01-05,23,258.484635782967,short,offer,130.83,130.83,130.83,T_SVRP-20,T_SVRP-20,False,named_ispstack_id,CCGT,T_SVRP,Severn Power Limited,T,425.0,,150.0,150.0,150.0,22,,0.6016666666666667,1
2026-01-05,24,-219.5299066427554,long,bid,75.95,75.95,75.95,T_PINFB-3,T_PINFB-3,False,named_ispstack_id,OTHER,T_PINFB_OTH,Zenobe Capenhurst Limited,T,26.0,,116.04,116.04,-116.04,265,5.0,-0.2,2
2026-01-05,24,-219.5299066427554,long,bid,75.95,75.95,75.95,T_PINFB-4,T_PINFB-4,False,named_ispstack_id,BATTERY,T_PINFB_B,Zenobe Capenhurst Limited,T,26.0,,116.04,116.04,-116.04,269,9.0,-0.008333333333333333,2
2026-01-05,25,-454.2798709648564,long,bid,72.0,72.0,72.0,E_THMRB-1,E_THMRB-1,False,named_ispstack_id,BATTERY,E_THMRB,Tesla Motors Limited,E,49.5,Eastern,175.31,175.31,-175.31,399,1.0,-0.022222222222222223,1
2026-01-05,26,-194.93529791666663,long,bid,71.8,71.8,71.8,2__PLOND001,2__PLOND001,False,named_ispstack_id,OTHER,2__PLOND,EDF Energy Customers Limited,S,52.0,North Scotland,114.11,114.11,-114.11,129,1.0,-1.2666666666666666,1
2026-01-05,27,-244.12565045868348,long,bid,71.85,71.85,71.85,E_CLAYB-2,E_CLAYB-2,False,named_ispstack_id,BATTERY,E_CLAYB,Tesla Motors Limited,E,49.5,Eastern,113.75,113.75,-113.75,218,1.0,-0.825,1
2026-01-05,28,-255.72754795907247,long,bid,72.09999999999998,72.09999999999998,72.09999999999998,T_PINFB-1,T_PINFB-1,False,named_ispstack_id,BATTERY,T_PINFB_B,Zenobe Capenhurst Limited,T,27.08,,100.55,100.55,-100.55,163,4.0,-0.16666666666666666,1
2026-01-05,29,-57.35165750915751,long,bid,75.95,75.95,75.95,2__JUKPR001,2__JUKPR001,False,named_ispstack_id,OCGT,2__JUKPR,UK Power Reserve Limited,S,50.0,South Eastern,105.0,105.0,-105.0,33,1.0,-0.03333333333333333,1
2026-01-05,30,435.317970639901,short,offer,183.0,183.0,183.0,24,I_IBG-INCM1,True,disbsad_energy_asset,INTERCONNECTOR,I_IBG-INCM,IN COMMODITIES A/S,I,,,200.46,200.46,200.46,32,,25.0,1
2026-01-05,31,193.7191998769493,short,offer,194.18,194.18,194.18,4,I_IBG-ELTR1,True,disbsad_energy_asset,INTERCONNECTOR,I_IBG-ELTR,ElectroRoute Energy Trading,I,,,232.66,232.66,232.66,12,,5.0,1
2026-01-05,32,-34.27182531676004,long,bid,82.5,82.5,82.5,V__GDSKC001,V__GDSKC001,False,named_ispstack_id,OTHER,V__GDSKC,Danske Commodities A/S,V,0.0,North Western,121.56,121.56,-121.56,293,6.0,-0.18044128104575163,1
2026-01-05,33,261.8931746031746,short,offer,433.3004063492064,433.3004063492064,433.3004063492064,3,I_IVG-INCM1,True,disbsad_energy_asset,INTERCONNECTOR,I_IVG-INCM,IN COMMODITIES A/S,I,,,570.21,570.21,570.21,42,,3.0,1
2026-01-05,34,162.00051496031747,short,offer,426.6502857142857,426.6502857142857,426.6502857142857,32,I_IVG-INCM1,True,disbsad_energy_asset,INTERCONNECTOR,I_IVG-INCM,IN COMMODITIES A/S,I,,,570.21,570.21,570.21,44,,3.0,1
2026-01-05,35,-143.58429625993531,long,bid,82.76999999999998,82.76999999999998,82.76999999999998,2__DLOND001,2__DLOND001,False,named_ispstack_id,OCGT,2__DLOND,EDF Energy Customers Limited,S,24.0,Merseyside North Wales,97.36,97.36,-97.36,486,2.0,-1.6666666666666667,6
2026-01-05,35,-143.58429625993531,long,bid,82.76999999999998,82.76999999999998,82.76999999999998,2__NLOND001,2__NLOND001,False,named_ispstack_id,OCGT,2__NLOND_OC,EDF Energy Customers Limited,S,30.0,South Scotland,97.36,97.36,-97.36,488,4.0,-1.65,6
2026-01-05,35,-143.58429625993531,long,bid,82.76999999999998,82.76999999999998,82.76999999999998,2__NLOND002,2__NLOND002,False,named_ispstack_id,OCGT,2__NLOND_OC,EDF Energy Customers Limited,S,30.0,South Scotland,97.36,97.36,-97.36,489,5.0,-3.1666666666666665,6
2026-01-05,35,-143.58429625993531,long,bid,82.76999999999998,82.76999999999998,82.76999999999998,2__NLOND003,2__NLOND003,False,named_ispstack_id,LOAD RESPONSE,2__NLOND_LR,EDF Energy Customers Limited,S,30.0,South Scotland,97.36,97.36,-97.36,490,6.0,-2.5,6
2026-01-05,35,-143.58429625993531,long,bid,82.76999999999998,82.76999999999998,82.76999999999998,2__GLOND003,2__GLOND003,False,named_ispstack_id,OCGT,2__GLOND,EDF Energy Customers Limited,S,50.0,North Western,97.36,97.36,-97.36,491,7.0,-7.333333333333333,6
2026-01-05,35,-143.58429625993531,long,bid,82.76999999999998,82.76999999999998,82.76999999999998,2__DLOND002,2__DLOND002,False,named_ispstack_id,OCGT,2__DLOND,EDF Energy Customers Limited,S,24.0,Merseyside North Wales,97.36,97.36,-97.36,493,9.0,-3.0,6
2026-01-05,36,22.689912698412694,short,offer,368.87,368.87,368.87,13,I_IVG-EZCO1,True,disbsad_energy_asset,INTERCONNECTOR,I_IVG-EZCO,ENZEE Commodities A/S,I,,,504.99052631578945,504.99052631578945,504.99052631578945,61,,9.5,1
2026-01-05,37,404.32449751984126,short,offer,297.67,297.67,297.67,T_PINFB-1,T_PINFB-1,False,named_ispstack_id,BATTERY,T_PINFB_B,Zenobe Capenhurst Limited,T,27.08,,498.68,498.68,498.68,87,,0.001388888888888889,4
2026-01-05,37,404.32449751984126,short,offer,297.67,297.67,297.67,T_PINFB-2,T_PINFB-2,False,named_ispstack_id,OTHER,T_PINFB_OTH,Zenobe Capenhurst Limited,T,26.0,,498.68,498.68,498.68,89,,0.0125,4
2026-01-05,37,404.32449751984126,short,offer,297.67,297.67,297.67,T_PINFB-3,T_PINFB-3,False,named_ispstack_id,OTHER,T_PINFB_OTH,Zenobe Capenhurst Limited,T,26.0,,498.68,498.68,498.68,90,,0.03333333333333333,4
2026-01-05,37,404.32449751984126,short,offer,297.67,297.67,297.67,T_PINFB-4,T_PINFB-4,False,named_ispstack_id,BATTERY,T_PINFB_B,Zenobe Capenhurst Limited,T,26.0,,498.68,498.68,498.68,92,,0.0125,4
2026-01-05,38,907.1093675,short,offer,338.53434980458843,338.53434980458843,338.53434980458843,E_TAYL3G,E_TAYL3G,False,named_ispstack_id,OCGT,E_TAYL3G,Uniper UK Limited,E,72.0,London,489.0,489.0,489.0,378,,10.5,1
2026-01-05,39,1197.1752227974157,short,offer,750.0,750.0,750.0,2__MSTAT005,2__MSTAT005,False,named_ispstack_id,BATTERY,2__MSTAT,Statkraft Markets Gmbh,S,8.0,Yorkshire,606.5,606.5,606.5,620,,0.041666666666666664,3
2026-01-05,39,1197.1752227974157,short,offer,750.0,750.0,750.0,2__GSTAT016,2__GSTAT016,False,named_ispstack_id,BATTERY,2__GSTAT_B,Statkraft Markets Gmbh,S,8.0,North Western,606.5,606.5,606.5,623,,0.041666666666666664,3
2026-01-05,39,1197.1752227974157,short,offer,750.0,750.0,750.0,2__MSTAT001,2__MSTAT001,False,named_ispstack_id,BATTERY,2__MSTAT,Statkraft Markets Gmbh,S,50.0,Yorkshire,606.5,606.5,606.5,639,,0.09583333333333334,3
2026-01-05,40,559.752965680828,short,offer,204.39504394111697,204.39504394111697,204.39504394111697,2__MSTAT005,2__MSTAT005,False,named_ispstack_id,BATTERY,2__MSTAT,Statkraft Markets Gmbh,S,8.0,Yorkshire,435.4,435.4,435.4,142,,0.041666666666666664,3
2026-01-05,40,559.752965680828,short,offer,204.39504394111697,204.39504394111697,204.39504394111697,2__GSTAT016,2__GSTAT016,False,named_ispstack_id,BATTERY,2__GSTAT_B,Statkraft Markets Gmbh,S,8.0,North Western,435.4,435.4,435.4,143,,0.008333333333333333,3
2026-01-05,40,559.752965680828,short,offer,204.39504394111697,204.39504394111697,204.39504394111697,2__MSTAT001,2__MSTAT001,False,named_ispstack_id,BATTERY,2__MSTAT,Statkraft Markets Gmbh,S,50.0,Yorkshire,435.4,435.4,435.4,146,,0.13333333333333333,3
2026-01-05,41,-97.0819911833537,long,bid,87.01999999999998,87.01999999999998,87.01999999999998,E_THRNL-1,E_THRNL-1,False,named_ispstack_id,OCGT,E_THRNL,Whitetower Energy Limited,E,50.0,Yorkshire,140.0,140.0,-140.0,220,1.0,-13.325,1
2026-01-05,42,23.777881512006513,short,offer,159.0,159.0,159.0,7,I_ING-BKWE1,True,disbsad_energy_asset,INTERCONNECTOR,I_ING-BKWE,BKW Energie AG,I,,,299.0,299.0,299.0,30,,12.5,1
2026-01-05,43,-201.93892989247408,long,bid,81.7,81.7,81.7,2__DLOND001,2__DLOND001,False,named_ispstack_id,OCGT,2__DLOND,EDF Energy Customers Limited,S,24.0,Merseyside North Wales,97.36,97.36,-97.36,127,1.0,-10.0,6
2026-01-05,43,-201.93892989247408,long,bid,81.7,81.7,81.7,2__NLOND001,2__NLOND001,False,named_ispstack_id,OCGT,2__NLOND_OC,EDF Energy Customers Limited,S,30.0,South Scotland,97.36,97.36,-97.36,128,2.0,-11.0,6
2026-01-05,43,-201.93892989247408,long,bid,81.7,81.7,81.7,2__NLOND002,2__NLOND002,False,named_ispstack_id,OCGT,2__NLOND_OC,EDF Energy Customers Limited,S,30.0,South Scotland,97.36,97.36,-97.36,129,3.0,-10.0,6
2026-01-05,43,-201.93892989247408,long,bid,81.7,81.7,81.7,2__NLOND003,2__NLOND003,False,named_ispstack_id,LOAD RESPONSE,2__NLOND_LR,EDF Energy Customers Limited,S,30.0,South Scotland,97.36,97.36,-97.36,130,4.0,-10.0,6
2026-01-05,43,-201.93892989247408,long,bid,81.7,81.7,81.7,2__GLOND003,2__GLOND003,False,named_ispstack_id,OCGT,2__GLOND,EDF Energy Customers Limited,S,50.0,North Western,97.36,97.36,-97.36,131,5.0,-20.0,6
2026-01-05,43,-201.93892989247408,long,bid,81.7,81.7,81.7,2__DLOND002,2__DLOND002,False,named_ispstack_id,OCGT,2__DLOND,EDF Energy Customers Limited,S,24.0,Merseyside North Wales,97.36,97.36,-97.36,133,7.0,-8.83125,6
2026-01-05,44,122.13014515582707,short,offer,165.41613186528477,165.41613186528477,165.41613186528477,22,I_IVG-INCM1,True,disbsad_energy_asset,INTERCONNECTOR,I_IVG-INCM,IN COMMODITIES A/S,I,,,291.22,291.22,291.22,54,,25.0,1
2026-01-05,45,105.4622388582251,short,offer,145.0,145.0,145.0,T_DINO-6,T_DINO-6,False,named_ispstack_id,PS,T_DINO,First Hydro Company,T,320.0,,145.0,145.0,145.0,69,,5.0,1
2026-01-05,46,361.4483706994495,short,offer,147.8262495636212,147.8262495636212,147.8262495636212,2__JSTAT002,2__JSTAT002,False,named_ispstack_id,BATTERY,2__JSTAT,Statkraft Markets Gmbh,S,6.305,South Eastern,151.29,151.29,151.29,305,,0.06666666666666667,1
2026-01-05,47,116.08283958333332,short,offer,123.56,123.56,123.56,E_FARNB-1,E_FARNB-1,False,named_ispstack_id,BATTERY,E_FARNB,Tesla Motors Limited,E,20.0,Southern,123.56,123.56,123.56,50,,1.1833333333333333,2
2026-01-05,47,116.08283958333332,short,offer,123.56,123.56,123.56,E_HAWKB-1,E_HAWKB-1,False,named_ispstack_id,BATTERY,E_HAWKB,Tesla Motors Limited,E,20.0,Southern,123.56,123.56,123.56,52,,0.006547777777777778,2
2026-01-05,48,82.9462672979798,short,offer,100.0,100.0,100.0,T_KILSB-6,T_KILSB-6,False,named_ispstack_id,BATTERY,T_KILSB,ZENOBE KILMARNOCK SOUTH LTD,T,51.226,,132.63,132.63,132.63,59,,7.5757575758e-08,1
2026-01-06,1,30.466666666666665,short,offer,100.0,100.0,100.0,2__HLOND002,2__HLOND002,False,named_ispstack_id,BATTERY,2__HLOND,EDF Energy Customers Limited,S,53.123,Southern,140.63,140.63,140.63,38,,1.075,1
2026-01-06,2,301.09842973412697,short,offer,137.63,137.63,137.63,2__HLOND002,2__HLOND002,False,named_ispstack_id,BATTERY,2__HLOND,EDF Energy Customers Limited,S,53.123,Southern,138.64,138.64,138.64,189,,0.09166666666666666,1
2026-01-06,3,349.4723188888889,short,offer,151.2,151.2,151.2,T_BLHLB-2,T_BLHLB-2,False,named_ispstack_id,BATTERY,T_BLHLB_B,ZENOBE BLACKHILLOCK LIMITED,T,50.42,,151.2,151.2,151.2,182,,0.35,1
2026-01-06,4,526.5753132004411,short,offer,147.14063069151587,147.14063069151587,147.14063069151587,V__NFLEX001,V__NFLEX001,False,named_ispstack_id,LOAD RESPONSE,V__NFLEX,Flexitricity Limited,V,0.0,South Scotland,150.38,150.38,150.38,120,,0.041666666666666664,1
2026-01-06,5,557.2684294728009,short,offer,122.0,122.0,122.0,T_DINO-1,T_DINO-1,False,named_ispstack_id,PS,T_DINO,First Hydro Company,T,320.0,,121.0,121.0,121.0,38,,6.85,1
2026-01-06,6,803.6456318055555,short,offer,143.54,143.54,143.54,T_SZJNB-1,T_SZJNB-1,False,named_ispstack_id,BATTERY,T_SZJNB,Arenko Cleantech Limited,T,57.0,,143.54,143.54,143.54,87,,5.3,1
2026-01-06,7,1101.4119623611111,short,offer,169.13,169.13,169.13,2__LSTAT001,2__LSTAT001,False,named_ispstack_id,BATTERY,2__LSTAT,Statkraft Markets Gmbh,S,20.423,South Western,169.13,169.13,169.13,245,,0.8444444444444444,1
2026-01-06,8,1031.0145819444444,short,offer,168.4381976829302,168.4381976829302,168.4381976829302,T_THURB-3,T_THURB-3,False,named_ispstack_id,BATTERY,T_THURB,THURROCK STORAGE LIMITED,T,100.0,,168.49,168.49,168.49,295,,0.525,1
2026-01-06,9,673.9168888888889,short,offer,195.9848985912568,195.9848985912568,195.9848985912568,T_SVRP-20,T_SVRP-20,False,named_ispstack_id,CCGT,T_SVRP,Severn Power Limited,T,425.0,,200.0,200.0,200.0,75,,0.8666666666666667,1
2026-01-06,10,289.3413333333333,short,offer,200.0,200.0,200.0,T_SVRP-20,T_SVRP-20,False,named_ispstack_id,CCGT,T_SVRP,Severn Power Limited,T,425.0,,200.0,200.0,200.0,26,,42.65,1
2026-01-06,11,389.40833347222224,short,offer,200.0,200.0,200.0,T_SVRP-20,T_SVRP-20,False,named_ispstack_id,CCGT,T_SVRP,Severn Power Limited,T,425.0,,200.0,200.0,200.0,22,,66.125,1
2026-01-06,12,359.53814814814814,short,offer,200.0,200.0,200.0,T_RYHPS-1,T_RYHPS-1,False,named_ispstack_id,CCGT,T_RYHPS,VPI Power Limited,T,720.98,,214.9,214.9,214.9,49,,19.2,1
2026-01-06,13,545.1977209725861,short,offer,180.38,180.38,180.38,T_SVRP-20,T_SVRP-20,False,named_ispstack_id,CCGT,T_SVRP,Severn Power Limited,T,425.0,,200.0,200.0,200.0,42,,108.5,1
2026-01-06,14,1058.3535875315656,short,offer,200.0,200.0,200.0,T_SVRP-20,T_SVRP-20,False,named_ispstack_id,CCGT,T_SVRP,Severn Power Limited,T,425.0,,200.0,200.0,200.0,19,,108.5,1
2026-01-06,15,348.6464246043771,short,offer,198.75,198.75,198.75,14,I_IVG-DSKC1,True,disbsad_energy_asset,INTERCONNECTOR,I_IVG-DSKC,Danske Commodities A/S,I,,,206.66,206.66,206.66,17,,21.0,1
2026-01-06,16,635.2744477129467,short,offer,201.47,201.47,201.47,T_KILSB-2,T_KILSB-2,False,named_ispstack_id,BATTERY,T_KILSB,ZENOBE KILMARNOCK SOUTH LTD,T,51.894,,273.08,273.08,273.08,23,,6.9090413943e-08,2
2026-01-06,16,635.2744477129467,short,offer,201.47,201.47,201.47,T_KILSB-5,T_KILSB-5,False,named_ispstack_id,BATTERY,T_KILSB,ZENOBE KILMARNOCK SOUTH LTD,T,50.856,,273.08,273.08,273.08,24,,1.49253731343e-07,2
2026-01-06,17,1596.8542953119138,short,offer,229.49,229.49,229.49,6,I_IBG-NEHO1,True,disbsad_energy_asset,INTERCONNECTOR,I_IBG-NEHO,Nordic Energy House ApS,I,,,494.0,494.0,494.0,83,,4.0,1
2026-01-06,18,1585.0191284126984,short,offer,265.1,265.1,265.1,20,I_IBG-NEHO1,True,disbsad_energy_asset,INTERCONNECTOR,I_IBG-NEHO,Nordic Energy House ApS,I,,,494.0,494.0,494.0,70,,4.0,1
2026-01-06,19,1327.7541376987708,short,offer,323.20365490530406,323.20365490530406,323.20365490530406,23,I_ING-VOLT1,True,disbsad_energy_asset,INTERCONNECTOR,I_ING-VOLT,Volta Energy DAC,I,,,598.0,598.0,598.0,99,,49.0,1
2026-01-06,20,675.0819324038462,short,offer,300.13,300.13,300.13,5,I_ING-VOLT1,True,disbsad_energy_asset,INTERCONNECTOR,I_ING-VOLT,Volta Energy DAC,I,,,598.0,598.0,598.0,131,,49.0,1
2026-01-06,21,1076.2605113248555,short,offer,318.13,318.13,318.13,19,I_IVG-NEAS1,True,disbsad_energy_asset,INTERCONNECTOR,I_IVG-NEAS,Centrica Energy Trading A/S,I,,,479.1101030927835,479.1101030927835,479.1101030927835,98,,48.5,1
2026-01-06,22,522.8089448796253,short,offer,288.91,288.91,288.91,29,I_IVG-NEAS1,True,disbsad_energy_asset,INTERCONNECTOR,I_IVG-NEAS,Centrica Energy Trading A/S,I,,,479.1101030927835,479.1101030927835,479.1101030927835,72,,48.5,1
2026-01-06,23,155.4128036419946,short,offer,241.99,241.99,241.99,27,I_IVG-DSKC1,True,disbsad_energy_asset,INTERCONNECTOR,I_IVG-DSKC,Danske Commodities A/S,I,,,348.66,348.66,348.66,58,,9.5,1
2026-01-06,24,-292.2575813862795,long,bid,117.0,117.0,117.0,E_CLAYB-2,E_CLAYB-2,False,named_ispstack_id,BATTERY,E_CLAYB,Tesla Motors Limited,E,49.5,Eastern,143.51,143.51,-143.51,408,4.0,-2.2916666666666665,3
2026-01-06,24,-292.2575813862795,long,bid,117.0,117.0,117.0,E_CLAYB-1,E_CLAYB-1,False,named_ispstack_id,BATTERY,E_CLAYB,Tesla Motors Limited,E,49.5,Eastern,143.51,143.51,-143.51,412,8.0,-2.566666666666667,3
2026-01-06,24,-292.2575813862795,long,bid,117.0,117.0,117.0,E_BROAB-1,E_BROAB-1,False,named_ispstack_id,BATTERY,E_BROAB,Tesla Motors Limited,E,11.0,South Eastern,143.51,143.51,-143.51,416,12.0,-0.6416666666666667,3
2026-01-06,25,-405.57944416666663,long,bid,85.0,85.0,85.0,2__GCMRO002,2__GCMRO002,False,named_ispstack_id,OTHER,2__GCMRO,BGI Trading Limited,S,14.0,North Western,131.15,131.15,-131.15,321,4.0,-0.36666666666666664,3
2026-01-06,25,-405.57944416666663,long,bid,85.0,85.0,85.0,2__GCMRO001,2__GCMRO001,False,named_ispstack_id,OTHER,2__GCMRO,BGI Trading Limited,S,16.379,North Western,131.15,131.15,-131.15,325,8.0,-0.7,3
2026-01-06,25,-405.57944416666663,long,bid,85.0,85.0,85.0,2__MCMRO003,2__MCMRO003,False,named_ispstack_id,OTHER,2__MCMRO,BGI Trading Limited,S,50.0,Yorkshire,131.15,131.15,-131.15,330,13.0,-3.675,3
2026-01-06,26,-421.78283217288583,long,bid,75.0,75.0,75.0,V__HDSKC001,V__HDSKC001,False,named_ispstack_id,BATTERY,V__HDSKC,Danske Commodities A/S,V,0.0,Southern,126.46,126.46,-126.46,339,5.0,-0.2,2
2026-01-06,26,-421.78283217288583,long,bid,75.0,75.0,75.0,V__GDSKC001,V__GDSKC001,False,named_ispstack_id,OTHER,V__GDSKC,Danske Commodities A/S,V,0.0,North Western,126.46,126.46,-126.46,342,8.0,-0.03333333333333333,2
2026-01-06,27,-62.546008187818224,long,bid,85.0,85.0,85.0,V__KHABI007,V__KHABI007,False,named_ispstack_id,BATTERY,V__KHABI,Habitat Energy Limited,V,0.0,South Wales,100.0,100.0,-100.0,323,6.0,-0.09166666666666666,1
2026-01-06,28,-104.1536896092796,long,bid,76.0,76.0,76.0,V__KHABI007,V__KHABI007,False,named_ispstack_id,BATTERY,V__KHABI,Habitat Energy Limited,V,0.0,South Wales,100.0,100.0,-100.0,207,4.0,-0.15833333333333333,1
2026-01-06,29,-36.653175913833806,long,bid,77.98378562407198,77.98378562407198,77.98378562407198,V__KHABI007,V__KHABI007,False,named_ispstack_id,BATTERY,V__KHABI,Habitat Energy Limited,V,0.0,South Wales,100.0,100.0,-100.0,156,1.0,-0.025,1
2026-01-06,30,-9.818058055555555,long,bid,77.78028788744577,77.78028788744577,77.78028788744577,T_OCHLB-1,T_OCHLB-1,False,named_ispstack_id,BATTERY,T_OCHLB,HD143OCK Ltd,T,58.0,,100.0,100.0,-100.0,121,1.0,-0.8,1
2026-01-06,31,-158.48407157407408,long,bid,76.0,76.0,76.0,V__HDSKC001,V__HDSKC001,False,named_ispstack_id,BATTERY,V__HDSKC,Danske Commodities A/S,V,0.0,Southern,89.46,89.46,-89.46,132,6.0,-1.1,1
2026-01-06,32,-59.68123947306972,long,bid,80.0,80.0,80.0,T_OCHLB-1,T_OCHLB-1,False,named_ispstack_id,BATTERY,T_OCHLB,HD143OCK Ltd,T,58.0,,100.0,100.0,-100.0,164,5.0,-2.85,1
2026-01-06,33,133.1947973611111,short,offer,190.0,190.0,190.0,23,I_IBG-INCM1,True,disbsad_energy_asset,INTERCONNECTOR,I_IBG-INCM,IN COMMODITIES A/S,I,,,533.49,533.49,533.49,45,,7.0,1
2026-01-06,34,-150.7212001068376,long,bid,75.5,75.5,75.5,V__HDSKC001,V__HDSKC001,False,named_ispstack_id,BATTERY,V__HDSKC,Danske Commodities A/S,V,0.0,Southern,84.01,84.01,-84.01,232,3.0,-0.5833333333333334,2
2026-01-06,34,-150.7212001068376,long,bid,75.5,75.5,75.5,V__GDSKC001,V__GDSKC001,False,named_ispstack_id,OTHER,V__GDSKC,Danske Commodities A/S,V,0.0,North Western,84.01,84.01,-84.01,236,7.0,-0.75,2
2026-01-06,35,-316.2631864977615,long,bid,73.84999999999998,73.84999999999998,73.84999999999998,V__GDSKC001,V__GDSKC001,False,named_ispstack_id,OTHER,V__GDSKC,Danske Commodities A/S,V,0.0,North Western,89.19,89.19,-89.19,146,3.0,-0.525,1
2026-01-06,36,-718.8858826821328,long,bid,73.45,73.45,73.45,V__GDSKC001,V__GDSKC001,False,named_ispstack_id,OTHER,V__GDSKC,Danske Commodities A/S,V,0.0,North Western,78.42,78.42,-78.42,85,5.0,-0.9,1
2026-01-06,37,-142.37787553784474,long,bid,73.84999999999998,73.84999999999998,73.84999999999998,T_SPLN-1,T_SPLN-1,False,named_ispstack_id,CCGT,T_SPLN,Spalding Energy Company Ltd,T,950.0,,76.0,76.0,-76.0,63,2.0,-8.775,1
2026-01-06,38,-32.37596218133718,long,bid,75.5,75.5,75.5,V__AZENO002,V__AZENO002,False,named_ispstack_id,OTHER,V__AZENO,BESS Holdco 2 Limited,V,0.0,Eastern,90.82,90.82,-90.82,50,2.0,-8.666666666666666,1
2026-01-06,39,207.85788323953824,short,offer,132.3,132.3,132.3,33,I_IVG-NITR1,True,disbsad_energy_asset,INTERCONNECTOR,I_IVG-NITR,Nitor Energy A/S,I,,,154.4104,154.4104,154.4104,14,,12.5,1
2026-01-06,40,-8.27845638888889,long,bid,76.0,76.0,76.0,T_SPLN-1,T_SPLN-1,False,named_ispstack_id,CCGT,T_SPLN,Spalding Energy Company Ltd,T,950.0,,76.0,76.0,-76.0,32,1.0,-15.725,1
2026-01-06,42,109.28921370214752,short,offer,86.65999999999998,86.65999999999998,86.65999999999998,T_SPLN-1,T_SPLN-1,False,named_ispstack_id,CCGT,T_SPLN,Spalding Energy Company Ltd,T,950.0,,95.0,95.0,95.0,1,,0.000276785714285714,1
2026-01-06,43,-95.91939802411646,long,bid,73.81999999999998,73.81999999999998,73.81999999999998,E_HAWKB-1,E_HAWKB-1,False,named_ispstack_id,BATTERY,E_HAWKB,Tesla Motors Limited,E,20.0,Southern,84.99,84.99,-84.99,26,2.0,-0.008333333333333333,3
2026-01-06,43,-95.91939802411646,long,bid,73.81999999999998,73.81999999999998,73.81999999999998,E_ILMEB-1,E_ILMEB-1,False,named_ispstack_id,BATTERY,E_ILMEB,Tesla Motors Limited,E,49.5,Eastern,84.99,84.99,-84.99,27,3.0,-0.01875,3
2026-01-06,43,-95.91939802411646,long,bid,73.81999999999998,73.81999999999998,73.81999999999998,E_CHAPB-1,E_CHAPB-1,False,named_ispstack_id,BATTERY,E_CHAPB,Tesla Motors Limited,E,50.169,Eastern,84.99,84.99,-84.99,29,5.0,-0.008333333333333333,3
2026-01-06,44,-189.77534127140973,long,bid,73.40999999999998,73.40999999999998,73.40999999999998,T_DIDCB6,T_DIDCB6,False,named_ispstack_id,CCGT,T_DIDCB,RWE Generation UK plc,T,720.0,,73.85,73.85,-73.85,36,5.0,-17.416666666666668,1
2026-01-06,45,-234.30951459681657,long,bid,63.97,63.97,63.97,T_STAY-1,T_STAY-1,False,named_ispstack_id,CCGT,T_STAY,RWE Generation UK plc,T,464.0,,73.82,73.82,-73.82,16,3.0,-17.182051282051283,1
2026-01-06,46,-298.6376560158783,long,bid,76.95,76.95,76.95,E_CHAPB-1,E_CHAPB-1,False,named_ispstack_id,BATTERY,E_CHAPB,Tesla Motors Limited,E,50.169,Eastern,79.99,79.99,-79.99,2,1.0,-0.001666666666666667,1
2026-01-06,47,-275.95466399305553,long,bid,78.51,78.51,78.51,T_CARR-2,T_CARR-2,False,named_ispstack_id,CCGT,T_CARR,Carrington Power Ltd,T,470.0,,80.0,80.0,-80.0,6,1.0,-3.39523148148e-07,2
2026-01-06,47,-275.95466399305553,long,bid,78.51,78.51,78.51,T_CARR-1,T_CARR-1,False,named_ispstack_id,CCGT,T_CARR,Carrington Power Ltd,T,470.0,,80.0,80.0,-80.0,7,2.0,-3.30520640432e-07,2
2026-01-06,48,-316.83541916666667,long,bid,62.44,62.44,62.44,T_KILSB-6,T_KILSB-6,False,named_ispstack_id,BATTERY,T_KILSB,ZENOBE KILMARNOCK SOUTH LTD,T,51.226,,73.04,73.04,-73.04,7,1.0,-0.009895833333333333,1
2026-01-07,1,-188.46434042989415,long,bid,65.0916464445638,65.0916464445638,65.0916464445638,T_DIDCB5,T_DIDCB5,False,named_ispstack_id,CCGT,T_DIDCB,RWE Generation UK plc,T,770.0,,70.1,70.1,-70.1,6,2.0,-3.237037037037037,1
2026-01-07,2,117.86202193362712,short,offer,89.0,89.0,89.0,T_CARR-1,T_CARR-1,False,named_ispstack_id,CCGT,T_CARR,Carrington Power Ltd,T,470.0,,98.0,98.0,98.0,91,,3.3333333333333335,1
2026-01-07,3,-61.23220574786325,long,bid,69.7,69.7,69.7,T_GRAI-7,T_GRAI-7,False,named_ispstack_id,CCGT,T_GRAI,Uniper UK Limited,T,468.0,,10.0,10.0,-10.0,2,1.0,-4.8194444444444e-05,1
2026-01-07,4,-232.14773079059833,long,bid,70.93,70.93,70.93,T_LBAR-1,T_LBAR-1,False,named_ispstack_id,CCGT,T_LBAR,RWE Generation UK plc,T,750.0,,80.0,80.0,-80.0,4,1.0,-3.5470085470085e-05,1
2026-01-07,5,-509.95169216524215,long,bid,61.96,61.96,61.96,T_LBAR-1,T_LBAR-1,False,named_ispstack_id,CCGT,T_LBAR,RWE Generation UK plc,T,750.0,,80.0,80.0,-80.0,3,2.0,-3.2420634920635e-05,1
2026-01-07,6,-486.34724291666663,long,bid,39.0,39.0,39.0,T_LBAR-1,T_LBAR-1,False,named_ispstack_id,CCGT,T_LBAR,RWE Generation UK plc,T,750.0,,80.0,80.0,-80.0,17,1.0,-9.4444444444444e-05,1
2026-01-07,7,-423.6435369551282,long,bid,30.86758436026988,30.86758436026988,30.86758436026988,T_BLHLB-3,T_BLHLB-3,False,named_ispstack_id,BATTERY,T_BLHLB_B,ZENOBE BLACKHILLOCK LIMITED,T,54.0,,63.52,63.52,-63.52,7,1.0,-0.9,1
2026-01-07,8,-184.00450354938272,long,bid,65.81,65.81,65.81,T_LBAR-1,T_LBAR-1,False,named_ispstack_id,CCGT,T_LBAR,RWE Generation UK plc,T,750.0,,70.1,70.1,-70.1,1,1.0,-5.601851851852e-06,1
2026-01-07,9,-110.36434027777776,long,bid,45.0,45.0,45.0,E_HAWKB-1,E_HAWKB-1,False,named_ispstack_id,BATTERY,E_HAWKB,Tesla Motors Limited,E,20.0,Southern,79.19,79.19,-79.19,9,1.0,-0.3333333333333333,2
2026-01-07,9,-110.36434027777776,long,bid,45.0,45.0,45.0,2__MCMRO002,2__MCMRO002,False,named_ispstack_id,OTHER,2__MCMRO,BGI Trading Limited,S,36.844,Yorkshire,79.19,79.19,-79.19,10,2.0,-0.2833333333333333,2
2026-01-07,11,506.3523940740741,short,offer,87.9,87.9,87.9,T_DINO-1,T_DINO-1,False,named_ispstack_id,PS,T_DINO,First Hydro Company,T,320.0,,117.0,117.0,117.0,145,,8.8,1
2026-01-07,12,317.93073333061,short,offer,84.5,84.5,84.5,2__MSTAT005,2__MSTAT005,False,named_ispstack_id,BATTERY,2__MSTAT,Statkraft Markets Gmbh,S,8.0,Yorkshire,111.98,111.98,111.98,94,,0.008333333333333333,1
2026-01-07,13,429.2522057804397,short,offer,93.5,93.5,93.5,T_ROCK-1,T_ROCK-1,False,named_ispstack_id,CCGT,T_ROCK,Rocksavage Power Company Ltd,T,810.0,,119.0,119.0,119.0,233,,6.616666666666666,1
2026-01-07,14,683.9204199263382,short,offer,94.75,94.75,94.75,2__HANGE004,2__HANGE004,False,named_ispstack_id,BATTERY,2__HANGE_B,Limejump Energy Limited,S,49.335,Southern,119.61,119.61,119.61,350,,1.625,2
2026-01-07,14,683.9204199263382,short,offer,94.75,94.75,94.75,2__HANGE003,2__HANGE003,False,named_ispstack_id,LOAD RESPONSE,2__HANGE_LR,Limejump Energy Limited,S,49.813,Southern,119.61,119.61,119.61,353,,1.7333333333333334,2
2026-01-07,15,95.54624465277776,short,offer,94.75,94.75,94.75,2__LFLEX001,2__LFLEX001,False,named_ispstack_id,LOAD RESPONSE,2__LFLEX,Flexitricity Limited,S,49.0,South Western,117.14,117.14,117.14,158,,0.16666666666666666,1
2026-01-07,16,223.53049916666663,short,offer,94.75,94.75,94.75,T_DAMC-1,T_DAMC-1,False,named_ispstack_id,CCGT,T_DAMC,VPI Power Limited,T,820.0,,119.6,119.6,119.6,26,,240.0,1
2026-01-07,17,22.416722222222223,short,offer,94.75,94.75,94.75,T_DAMC-1,T_DAMC-1,False,named_ispstack_id,CCGT,T_DAMC,VPI Power Limited,T,820.0,,119.6,119.6,119.6,9,,240.0,1
2026-01-07,18,-1.1747990873015872,long,bid,80.51,80.51,80.51,T_KILSB-2,T_KILSB-2,False,named_ispstack_id,BATTERY,T_KILSB,ZENOBE KILMARNOCK SOUTH LTD,T,51.894,,80.51,80.51,-80.51,106,2.0,-0.7333333333333333,1
2026-01-07,19,-323.41904692460315,long,bid,73.81999999999998,73.81999999999998,73.81999999999998,T_KILSB-3,T_KILSB-3,False,named_ispstack_id,BATTERY,T_KILSB,ZENOBE KILMARNOCK SOUTH LTD,T,53.734,,80.5,80.5,-80.5,99,2.0,-0.7333333333333333,1
2026-01-07,20,-463.196901265724,long,bid,72.0,72.0,72.0,2__PLOND001,2__PLOND001,False,named_ispstack_id,OTHER,2__PLOND,EDF Energy Customers Limited,S,52.0,North Scotland,78.4,78.4,-78.4,49,1.0,-0.025,1
2026-01-07,21,-533.5193604805507,long,bid,70.2,70.2,70.2,T_KILSB-2,T_KILSB-2,False,named_ispstack_id,BATTERY,T_KILSB,ZENOBE KILMARNOCK SOUTH LTD,T,51.894,,83.36,83.36,-83.36,154,8.0,-0.4638505998956703,1
2026-01-07,22,-264.19178631483163,long,bid,72.2,72.2,72.2,T_KILSB-3,T_KILSB-3,False,named_ispstack_id,BATTERY,T_KILSB,ZENOBE KILMARNOCK SOUTH LTD,T,53.734,,81.04,81.04,-81.04,79,3.0,-0.05,1
2026-01-07,23,-415.01542989417993,long,bid,72.05,72.05,72.05,T_COVNB-1,T_COVNB-1,False,named_ispstack_id,OTHER,T_COVNB,Pivoted Power LLP,T,50.449,,77.0,77.0,-77.0,119,3.0,-0.3,1
2026-01-07,24,-503.16436507936504,long,bid,71.1,71.1,71.1,T_LARKB-1,T_LARKB-1,False,named_ispstack_id,OTHER,T_LARKB,EDF Energy Customers Limited,T,52.0,,81.49,81.49,-81.49,91,2.0,-0.675,1
2026-01-07,25,-648.1777777777778,long,bid,70.4,70.4,70.4,E_BLKPB-1,E_BLKPB-1,False,named_ispstack_id,BATTERY,E_BLKPB,Conrad Energy (Trading) Ltd,E,25.3,North Western,85.0,85.0,-85.0,72,1.0,-0.35,1
2026-01-07,26,-286.7035972850679,long,bid,71.1,71.1,71.1,E_BLKPB-1,E_BLKPB-1,False,named_ispstack_id,BATTERY,E_BLKPB,Conrad Energy (Trading) Ltd,E,25.3,North Western,85.0,85.0,-85.0,48,1.0,-0.2833333333333333,1
2026-01-07,27,-127.82799145299144,long,bid,70.45,70.45,70.45,T_BLHLB-2,T_BLHLB-2,False,named_ispstack_id,BATTERY,T_BLHLB_B,ZENOBE BLACKHILLOCK LIMITED,T,50.42,,73.68,73.68,-73.68,38,1.0,-1.225,2
2026-01-07,27,-127.82799145299144,long,bid,70.45,70.45,70.45,T_BLHLB-3,T_BLHLB-3,False,named_ispstack_id,BATTERY,T_BLHLB_B,ZENOBE BLACKHILLOCK LIMITED,T,54.0,,73.68,73.68,-73.68,39,2.0,-0.675,2
2026-01-07,28,-484.5396911380286,long,bid,70.45,70.45,70.45,2__PLOND001,2__PLOND001,False,named_ispstack_id,OTHER,2__PLOND,EDF Energy Customers Limited,S,52.0,North Scotland,75.56,75.56,-75.56,38,1.0,-4.775,1
2026-01-07,29,-273.5845878572694,long,bid,70.4,70.4,70.4,2__PLOND001,2__PLOND001,False,named_ispstack_id,OTHER,2__PLOND,EDF Energy Customers Limited,S,52.0,North Scotland,72.76,72.76,-72.76,31,1.0,-0.2916666666666667,1
2026-01-07,30,-223.7997233183451,long,bid,70.46,70.46,70.46,E_JAMBB-1,E_JAMBB-1,False,named_ispstack_id,BATTERY,E_JAMBB_B,Tesla Motors Limited,E,30.0,North Scotland,75.58,75.58,-75.58,33,2.0,-2.6666666666666665,4
2026-01-07,30,-223.7997233183451,long,bid,70.46,70.46,70.46,E_LITRB-1,E_LITRB-1,False,named_ispstack_id,BATTERY,E_LITRB,Tesla Motors Limited,E,50.0,South Scotland,75.58,75.58,-75.58,35,4.0,-0.5763888888888888,4
2026-01-07,30,-223.7997233183451,long,bid,70.46,70.46,70.46,E_JAMBB-2,E_JAMBB-2,False,named_ispstack_id,OTHER,E_JAMBB_OTH,Tesla Motors Limited,E,19.0,North Scotland,75.58,75.58,-75.58,38,7.0,-0.3,4
2026-01-07,30,-223.7997233183451,long,bid,70.46,70.46,70.46,E_ROARB-1,E_ROARB-1,False,named_ispstack_id,BATTERY,E_ROARB,Tesla Motors Limited,E,50.0,South Scotland,75.58,75.58,-75.58,41,10.0,-1.2,4
2026-01-07,31,-453.0950867195767,long,bid,70.31,70.31,70.31,E_LITRB-1,E_LITRB-1,False,named_ispstack_id,BATTERY,E_LITRB,Tesla Motors Limited,E,50.0,South Scotland,75.59,75.59,-75.59,43,2.0,-0.4166666666666667,3
2026-01-07,31,-453.0950867195767,long,bid,70.31,70.31,70.31,E_JAMBB-2,E_JAMBB-2,False,named_ispstack_id,OTHER,E_JAMBB_OTH,Tesla Motors Limited,E,19.0,North Scotland,75.59,75.59,-75.59,46,5.0,-0.4,3
2026-01-07,31,-453.0950867195767,long,bid,70.31,70.31,70.31,E_ROARB-1,E_ROARB-1,False,named_ispstack_id,BATTERY,E_ROARB,Tesla Motors Limited,E,50.0,South Scotland,75.59,75.59,-75.59,48,7.0,-0.65926,3
2026-01-07,32,67.98971588425925,short,offer,127.0,127.0,127.0,T_MEDP-1,T_MEDP-1,False,named_ispstack_id,CCGT,T_MEDP,Medway Power Ltd,T,750.0,,128.0,128.0,128.0,11,,139.91666666666666,1
2026-01-07,33,-35.9367052662037,long,bid,72.0,72.0,72.0,2__MCMRO003,2__MCMRO003,False,named_ispstack_id,OTHER,2__MCMRO,BGI Trading Limited,S,50.0,Yorkshire,74.48,74.48,-74.48,19,1.0,-0.008333333333333333,1
2026-01-07,34,-56.057019225589215,long,bid,72.0,72.0,72.0,2__MCMRO003,2__MCMRO003,False,named_ispstack_id,OTHER,2__MCMRO,BGI Trading Limited,S,50.0,Yorkshire,73.54,73.54,-73.54,83,6.0,-3.4868441666666667,1
2026-01-07,35,-432.2653674242424,long,bid,71.26,71.26,71.26,E_BARNB-1,E_BARNB-1,False,named_ispstack_id,BATTERY,E_BARNB,EDF Energy Customers Limited,E,44.0,Yorkshire,78.8,78.8,-78.8,149,1.0,-1.9833333333333334,1
2026-01-07,36,-435.8605200757576,long,bid,71.26,71.26,71.26,E_BARNB-1,E_BARNB-1,False,named_ispstack_id,BATTERY,E_BARNB,EDF Energy Customers Limited,E,44.0,Yorkshire,77.79,77.79,-77.79,80,2.0,-1.8,1
2026-01-07,37,-504.2741166203704,long,bid,72.0,72.0,72.0,T_KILSB-1,T_KILSB-1,False,named_ispstack_id,BATTERY,T_KILSB,ZENOBE KILMARNOCK SOUTH LTD,T,52.952,,73.61,73.61,-73.61,58,3.0,-0.2916666666666667,1
2026-01-07,38,-28.96321301383801,long,bid,72.29999999999998,72.29999999999998,72.29999999999998,T_STAY-2,T_STAY-2,False,named_ispstack_id,CCGT,T_STAY,RWE Generation UK plc,T,464.0,,72.3,72.3,-72.3,30,6.0,-2.1142857142857143,3
2026-01-07,38,-28.96321301383801,long,bid,72.29999999999998,72.29999999999998,72.29999999999998,T_STAY-1,T_STAY-1,False,named_ispstack_id,CCGT,T_STAY,RWE Generation UK plc,T,464.0,,72.3,72.3,-72.3,36,12.0,-0.5428571428571428,3
2026-01-07,38,-28.96321301383801,long,bid,72.29999999999998,72.29999999999998,72.29999999999998,T_DIDCB6,T_DIDCB6,False,named_ispstack_id,CCGT,T_DIDCB,RWE Generation UK plc,T,720.0,,72.3,72.3,-72.3,42,18.0,-2.111111111111111,3
2026-01-07,39,19.191402123015877,short,offer,104.0,104.0,104.0,T_DINO-6,T_DINO-6,False,named_ispstack_id,PS,T_DINO,First Hydro Company,T,320.0,,124.0,124.0,124.0,14,,7.5,1
2026-01-07,40,11.399233644179894,short,offer,103.48,103.48,103.48,T_KILSB-3,T_KILSB-3,False,named_ispstack_id,BATTERY,T_KILSB,ZENOBE KILMARNOCK SOUTH LTD,T,53.734,,103.48,103.48,103.48,1,,0.04583333333333333,1
2026-01-07,41,-2.35,long,bid,72.31999999999998,72.31999999999998,72.31999999999998,T_CNQPS-3,T_CNQPS-3,False,named_ispstack_id,CCGT,T_CNQPS,Uniper UK Limited,T,352.0,,72.32,72.32,-72.32,10,6.0,-0.475,5
2026-01-07,41,-2.35,long,bid,72.31999999999998,72.31999999999998,72.31999999999998,T_CNQPS-4,T_CNQPS-4,False,named_ispstack_id,CCGT,T_CNQPS,Uniper UK Limited,T,352.0,,72.32,72.32,-72.32,14,10.0,-0.4708333333333333,5
2026-01-07,41,-2.35,long,bid,72.31999999999998,72.31999999999998,72.31999999999998,T_GRAI-6,T_GRAI-6,False,named_ispstack_id,CCGT,T_GRAI,Uniper UK Limited,T,468.0,,72.32,72.32,-72.32,16,12.0,-2.4,5
2026-01-07,41,-2.35,long,bid,72.31999999999998,72.31999999999998,72.31999999999998,T_GRAI-7,T_GRAI-7,False,named_ispstack_id,CCGT,T_GRAI,Uniper UK Limited,T,468.0,,72.32,72.32,-72.32,18,14.0,-1.9833333333333334,5
2026-01-07,41,-2.35,long,bid,72.31999999999998,72.31999999999998,72.31999999999998,T_GRAI-8,T_GRAI-8,False,named_ispstack_id,CCGT,T_GRAI,Uniper UK Limited,T,468.0,,72.32,72.32,-72.32,21,17.0,-4.6,5
2026-01-07,42,-87.25624999999998,long,bid,72.31999999999998,72.31999999999998,72.31999999999998,T_CNQPS-3,T_CNQPS-3,False,named_ispstack_id,CCGT,T_CNQPS,Uniper UK Limited,T,352.0,,72.32,72.32,-72.32,10,3.0,-20.78125,5
2026-01-07,42,-87.25624999999998,long,bid,72.31999999999998,72.31999999999998,72.31999999999998,T_CNQPS-4,T_CNQPS-4,False,named_ispstack_id,CCGT,T_CNQPS,Uniper UK Limited,T,352.0,,72.32,72.32,-72.32,14,7.0,-16.479166666666668,5
2026-01-07,42,-87.25624999999998,long,bid,72.31999999999998,72.31999999999998,72.31999999999998,T_GRAI-6,T_GRAI-6,False,named_ispstack_id,CCGT,T_GRAI,Uniper UK Limited,T,468.0,,72.32,72.32,-72.32,17,10.0,-6.0,5
2026-01-07,42,-87.25624999999998,long,bid,72.31999999999998,72.31999999999998,72.31999999999998,T_GRAI-7,T_GRAI-7,False,named_ispstack_id,CCGT,T_GRAI,Uniper UK Limited,T,468.0,,72.32,72.32,-72.32,18,11.0,-5.383333333333334,5
2026-01-07,42,-87.25624999999998,long,bid,72.31999999999998,72.31999999999998,72.31999999999998,T_GRAI-8,T_GRAI-8,False,named_ispstack_id,CCGT,T_GRAI,Uniper UK Limited,T,468.0,,72.32,72.32,-72.32,20,13.0,-2.9291666666666667,5
2026-01-07,43,-4.936305837881925,long,bid,79.0028751265455,79.0028751265455,79.0028751265455,E_ILMEB-1,E_ILMEB-1,False,named_ispstack_id,BATTERY,E_ILMEB,Tesla Motors Limited,E,49.5,Eastern,83.99,83.99,-83.99,41,1.0,-0.9166666666666666,2
2026-01-07,43,-4.936305837881925,long,bid,79.0028751265455,79.0028751265455,79.0028751265455,E_THMRB-1,E_THMRB-1,False,named_ispstack_id,BATTERY,E_THMRB,Tesla Motors Limited,E,49.5,Eastern,83.99,83.99,-83.99,42,2.0,-0.75,2
2026-01-07,44,-136.20819444444444,long,bid,72.31999999999998,72.31999999999998,72.31999999999998,T_CDCL-1,T_CDCL-1,False,named_ispstack_id,CCGT,T_CDCL,Uniper UK Limited,T,445.0,,72.32,72.32,-72.32,11,4.0,-19.033333333333335,7
2026-01-07,44,-136.20819444444444,long,bid,72.31999999999998,72.31999999999998,72.31999999999998,T_CNQPS-2,T_CNQPS-2,False,named_ispstack_id,CCGT,T_CNQPS,Uniper UK Limited,T,352.0,,72.32,72.32,-72.32,15,8.0,-5.114912280701755,7
2026-01-07,44,-136.20819444444444,long,bid,72.31999999999998,72.31999999999998,72.31999999999998,T_CNQPS-3,T_CNQPS-3,False,named_ispstack_id,CCGT,T_CNQPS,Uniper UK Limited,T,352.0,,72.32,72.32,-72.32,17,10.0,-24.7,7
2026-01-07,44,-136.20819444444444,long,bid,72.31999999999998,72.31999999999998,72.31999999999998,T_CNQPS-4,T_CNQPS-4,False,named_ispstack_id,CCGT,T_CNQPS,Uniper UK Limited,T,352.0,,72.32,72.32,-72.32,20,13.0,-15.116666666666667,7
2026-01-07,44,-136.20819444444444,long,bid,72.31999999999998,72.31999999999998,72.31999999999998,T_GRAI-6,T_GRAI-6,False,named_ispstack_id,CCGT,T_GRAI,Uniper UK Limited,T,468.0,,72.32,72.32,-72.32,25,18.0,-0.11041666666666666,7
2026-01-07,44,-136.20819444444444,long,bid,72.31999999999998,72.31999999999998,72.31999999999998,T_GRAI-7,T_GRAI-7,False,named_ispstack_id,CCGT,T_GRAI,Uniper UK Limited,T,468.0,,72.32,72.32,-72.32,28,21.0,-1.9,7
2026-01-07,44,-136.20819444444444,long,bid,72.31999999999998,72.31999999999998,72.31999999999998,T_GRAI-8,T_GRAI-8,False,named_ispstack_id,CCGT,T_GRAI,Uniper UK Limited,T,468.0,,72.32,72.32,-72.32,32,25.0,-0.88,7
2026-01-07,45,-311.7659991666667,long,bid,72.31999999999998,72.31999999999998,72.31999999999998,T_CNQPS-2,T_CNQPS-2,False,named_ispstack_id,CCGT,T_CNQPS,Uniper UK Limited,T,352.0,,72.32,72.32,-72.32,12,5.0,-5.114912280701755,6
2026-01-07,45,-311.7659991666667,long,bid,72.31999999999998,72.31999999999998,72.31999999999998,T_CNQPS-3,T_CNQPS-3,False,named_ispstack_id,CCGT,T_CNQPS,Uniper UK Limited,T,352.0,,72.32,72.32,-72.32,14,7.0,-21.375,6
2026-01-07,45,-311.7659991666667,long,bid,72.31999999999998,72.31999999999998,72.31999999999998,T_CNQPS-4,T_CNQPS-4,False,named_ispstack_id,CCGT,T_CNQPS,Uniper UK Limited,T,352.0,,72.32,72.32,-72.32,16,9.0,-35.7,6
2026-01-07,45,-311.7659991666667,long,bid,72.31999999999998,72.31999999999998,72.31999999999998,T_GRAI-6,T_GRAI-6,False,named_ispstack_id,CCGT,T_GRAI,Uniper UK Limited,T,468.0,,72.32,72.32,-72.32,20,13.0,-7.93125,6
2026-01-07,45,-311.7659991666667,long,bid,72.31999999999998,72.31999999999998,72.31999999999998,T_GRAI-7,T_GRAI-7,False,named_ispstack_id,CCGT,T_GRAI,Uniper UK Limited,T,468.0,,72.32,72.32,-72.32,22,15.0,-12.3,6
2026-01-07,45,-311.7659991666667,long,bid,72.31999999999998,72.31999999999998,72.31999999999998,T_GRAI-8,T_GRAI-8,False,named_ispstack_id,CCGT,T_GRAI,Uniper UK Limited,T,468.0,,72.32,72.32,-72.32,25,18.0,-39.6,6
2026-01-07,46,-462.1870247123016,long,bid,72.29999999999998,72.29999999999998,72.29999999999998,T_CDCL-1,T_CDCL-1,False,named_ispstack_id,CCGT,T_CDCL,Uniper UK Limited,T,445.0,,72.32,72.32,-72.32,13,4.0,-12.74,7
2026-01-07,46,-462.1870247123016,long,bid,72.29999999999998,72.29999999999998,72.29999999999998,T_CNQPS-2,T_CNQPS-2,False,named_ispstack_id,CCGT,T_CNQPS,Uniper UK Limited,T,352.0,,72.32,72.32,-72.32,18,9.0,-3.7578947368421054,7
2026-01-07,46,-462.1870247123016,long,bid,72.29999999999998,72.29999999999998,72.29999999999998,T_CNQPS-3,T_CNQPS-3,False,named_ispstack_id,CCGT,T_CNQPS,Uniper UK Limited,T,352.0,,72.32,72.32,-72.32,22,13.0,-4.275,7
2026-01-07,46,-462.1870247123016,long,bid,72.29999999999998,72.29999999999998,72.29999999999998,T_CNQPS-4,T_CNQPS-4,False,named_ispstack_id,CCGT,T_CNQPS,Uniper UK Limited,T,352.0,,72.32,72.32,-72.32,23,14.0,-8.925,7
2026-01-07,46,-462.1870247123016,long,bid,72.29999999999998,72.29999999999998,72.29999999999998,T_GRAI-6,T_GRAI-6,False,named_ispstack_id,CCGT,T_GRAI,Uniper UK Limited,T,468.0,,72.32,72.32,-72.32,26,17.0,-59.53333333333333,7
2026-01-07,46,-462.1870247123016,long,bid,72.29999999999998,72.29999999999998,72.29999999999998,T_GRAI-7,T_GRAI-7,False,named_ispstack_id,CCGT,T_GRAI,Uniper UK Limited,T,468.0,,72.32,72.32,-72.32,29,20.0,-0.1,7
2026-01-07,46,-462.1870247123016,long,bid,72.29999999999998,72.29999999999998,72.29999999999998,T_GRAI-8,T_GRAI-8,False,named_ispstack_id,CCGT,T_GRAI,Uniper UK Limited,T,468.0,,72.32,72.32,-72.32,32,23.0,-0.09777777777777778,7
2026-01-07,47,-455.4451526837928,long,bid,72.29999999999998,72.29999999999998,72.29999999999998,T_CDCL-1,T_CDCL-1,False,named_ispstack_id,CCGT,T_CDCL,Uniper UK Limited,T,445.0,,72.32,72.32,-72.32,14,2.0,-1.8666666666666667,6
2026-01-07,47,-455.4451526837928,long,bid,72.29999999999998,72.29999999999998,72.29999999999998,T_CNQPS-2,T_CNQPS-2,False,named_ispstack_id,CCGT,T_CNQPS,Uniper UK Limited,T,352.0,,72.32,72.32,-72.32,18,6.0,-15.266447368421053,6
2026-01-07,47,-455.4451526837928,long,bid,72.29999999999998,72.29999999999998,72.29999999999998,T_CNQPS-3,T_CNQPS-3,False,named_ispstack_id,CCGT,T_CNQPS,Uniper UK Limited,T,352.0,,72.32,72.32,-72.32,23,11.0,-0.12222222222222222,6
2026-01-07,47,-455.4451526837928,long,bid,72.29999999999998,72.29999999999998,72.29999999999998,T_GRAI-6,T_GRAI-6,False,named_ispstack_id,CCGT,T_GRAI,Uniper UK Limited,T,468.0,,72.32,72.32,-72.32,25,13.0,-62.666666666666664,6
2026-01-07,47,-455.4451526837928,long,bid,72.29999999999998,72.29999999999998,72.29999999999998,T_GRAI-7,T_GRAI-7,False,named_ispstack_id,CCGT,T_GRAI,Uniper UK Limited,T,468.0,,72.32,72.32,-72.32,28,16.0,-0.8357142857142857,6
2026-01-07,47,-455.4451526837928,long,bid,72.29999999999998,72.29999999999998,72.29999999999998,T_GRAI-8,T_GRAI-8,False,named_ispstack_id,CCGT,T_GRAI,Uniper UK Limited,T,468.0,,72.32,72.32,-72.32,30,18.0,-68.83555555555556,6
2026-01-07,48,-197.35200763199663,long,bid,72.31999999999998,72.31999999999998,72.31999999999998,2__GCMRO002,2__GCMRO002,False,named_ispstack_id,OTHER,2__GCMRO,BGI Trading Limited,S,14.0,North Western,80.96,80.96,-80.96,55,2.0,-0.9166666666666666,3
2026-01-07,48,-197.35200763199663,long,bid,72.31999999999998,72.31999999999998,72.31999999999998,2__GCMRO001,2__GCMRO001,False,named_ispstack_id,OTHER,2__GCMRO,BGI Trading Limited,S,16.379,North Western,80.96,80.96,-80.96,57,4.0,-1.5333333333333334,3
2026-01-07,48,-197.35200763199663,long,bid,72.31999999999998,72.31999999999998,72.31999999999998,2__MCMRO003,2__MCMRO003,False,named_ispstack_id,OTHER,2__MCMRO,BGI Trading Limited,S,50.0,Yorkshire,80.96,80.96,-80.96,59,6.0,-7.191666666666666,3
